GEOID,SUMLEV,STATE,COUNTY,CBSA,CSA,NECTA,CNECTA,NAME,POP100,HU100,POP100.2000,HU100.2000,P003001,P003001.2000,P003002,P003002.2000,P003003,P003003.2000,P003004,P003004.2000,P003005,P003005.2000,P003006,P003006.2000,P003007,P003007.2000,P003008,P003008.2000
33001965300,140,33,001,29060,148,,,Census Tract 9653,3321,2075,3062,1720,3321,3062,3248,3010,9,3,10,6,25,18,0,0,11,8,18,17
33001965400,140,33,001,29060,148,,,Census Tract 9654,2966,1612,2577,1356,2966,2577,2886,2529,8,3,11,3,16,12,0,0,6,2,39,23
33001965598,140,33,001,29060,148,,,Census Tract 9655.98,3567,1845,3480,1633,3567,3480,3433,3364,13,2,7,22,49,21,0,3,6,6,59,62
33001965600,140,33,001,29060,148,,,Census Tract 9656,3777,2118,3058,1847,3777,3058,3687,3015,3,3,3,5,28,4,0,0,8,0,48,29
33001965800,140,33,001,29060,148,,,Census Tract 9658,7356,3615,6719,3113,7356,6719,7138,6553,31,10,11,22,49,35,3,0,24,11,100,88
33001965900,140,33,001,29060,148,,,Census Tract 9659,3855,1847,4102,1817,3855,4102,3631,4002,40,13,14,20,111,22,0,0,12,2,47,43
33001966000,140,33,001,29060,148,,,Census Tract 9660,5076,2333,5331,2150,5076,5331,4755,5053,58,57,15,34,132,58,1,3,12,25,103,101
33001966100,140,33,001,29060,148,,,Census Tract 9661,4115,2658,3893,2181,4115,3893,3946,3820,31,10,17,9,57,16,0,0,13,6,51,32
33001966200,140,33,001,29060,148,,,Census Tract 9662,2905,3041,3085,2406,2905,3085,2741,3010,21,10,8,5,91,24,0,1,5,11,39,24
33001966401,140,33,001,29060,148,,,Census Tract 9664.01,1108,2164,1057,1825,1108,1057,1085,1040,2,2,0,1,4,5,0,0,1,0,16,7
33001966402,140,33,001,29060,148,,,Census Tract 9664.02,6018,2947,5745,2486,6018,5745,5884,5648,19,10,5,8,45,29,3,0,13,4,49,43
33003955400,140,33,003,99999,999,,,Census Tract 9554,4420,2609,3571,2199,4420,3571,4304,3519,11,1,17,10,39,10,0,0,5,0,44,26
33003955500,140,33,003,99999,999,,,Census Tract 9555,2895,2168,2369,1834,2895,2369,2826,2320,25,2,10,13,4,5,0,0,4,7,26,21
33003955600,140,33,003,99999,999,,,Census Tract 9556,4917,3586,4442,3127,4917,4442,4797,4356,12,12,18,11,21,9,1,1,2,8,66,40
33003955800,140,33,003,99999,999,,,Census Tract 9558,2954,2543,2573,2196,2954,2573,2900,2541,5,6,4,3,8,3,0,0,4,0,33,15
33003955900,140,33,003,99999,999,,,Census Tract 9559,4345,3057,4218,2745,4345,4218,4218,4132,17,6,15,16,25,9,0,0,6,3,64,52
33003956100,140,33,003,99999,999,,,Census Tract 9561,6269,4443,6081,3901,6269,6081,6119,6028,11,9,11,3,50,21,1,0,13,2,64,13
33003956300,140,33,003,99999,999,,,Census Tract 9563,4044,4940,4481,4522,4044,4481,3961,4413,13,5,9,9,27,24,0,0,12,0,22,25
33005970200,140,33,005,28300,999,,,Census Tract 9702,3734,1715,3594,1592,3734,3594,3632,3533,10,5,7,9,19,6,0,0,9,3,57,38
33005970400,140,33,005,28300,999,,,Census Tract 9704,5425,3394,5093,3111,5425,5093,5272,4970,19,13,19,34,32,23,1,0,11,8,71,40
33005970500,140,33,005,28300,999,,,Census Tract 9705,5457,2547,5476,2352,5457,5476,5248,5329,20,23,9,19,65,38,2,0,18,2,95,65
33005970600,140,33,005,28300,999,,,Census Tract 9706,6014,2224,5451,1863,6014,5451,5747,5299,80,63,9,8,54,18,0,1,27,22,97,40
33005970700,140,33,005,28300,999,,,Census Tract 9707,3551,1749,3222,1507,3551,3222,3439,3144,6,12,18,12,18,6,1,4,4,3,65,41
33005970900,140,33,005,28300,999,,,Census Tract 9709,7230,3205,6795,2816,7230,6795,6939,6681,23,11,12,15,125,35,2,0,29,8,100,39
33005971000,140,33,005,28300,999,,,Census Tract 9710,5602,2482,5408,2343,5602,5408,5298,5313,41,14,8,7,178,34,0,2,15,7,62,31
33005971100,140,33,005,28300,999,,,Census Tract 9711,5161,2523,4914,2243,5161,4914,4929,4817,37,14,15,16,73,26,0,0,18,11,89,30
33005971300,140,33,005,28300,999,,,Census Tract 9713,3321,1702,3648,1743,3321,3648,3135,3499,21,33,4,8,78,50,0,1,28,11,55,46
33005971401,140,33,005,28300,999,,,Census Tract 9714.01,5364,1229,4532,1248,5364,4532,5164,4419,37,22,8,8,54,21,1,3,28,18,72,41
33005971402,140,33,005,28300,999,,,Census Tract 9714.02,3961,1783,4061,1718,3961,4061,3788,3986,8,6,7,6,91,22,0,1,20,3,47,37
33005971500,140,33,005,28300,999,,,Census Tract 9715,5478,2482,5289,2250,5478,5289,5361,5173,15,14,11,25,29,20,0,0,21,9,41,48
33005971600,140,33,005,28300,999,,,Census Tract 9716,4046,1827,4082,1714,4046,4082,3903,3980,22,17,10,8,22,13,11,12,14,9,64,43
33005971700,140,33,005,28300,999,,,Census Tract 9717,4341,1932,4144,1741,4341,4144,4173,4035,21,13,23,23,24,13,0,0,21,9,79,51
33007950200,140,33,007,13620,999,,,Census Tract 9502,3058,1947,3071,1761,3058,3071,2983,3018,5,1,8,8,18,9,0,0,5,4,39,31
33007950400,140,33,007,13620,999,,,Census Tract 9504,3594,2213,3901,2109,3594,3901,3507,3810,11,0,12,18,12,15,0,0,7,2,45,56
33007950500,140,33,007,13620,999,,,Census Tract 9505,3507,1689,3276,1499,3507,3276,3395,3213,11,1,24,8,21,6,1,0,15,7,40,36
33007950600,140,33,007,13620,999,,,Census Tract 9506,4328,1918,3939,2000,4328,3939,4117,3858,62,8,20,8,14,12,0,0,12,9,103,44
33007950700,140,33,007,13620,999,,,Census Tract 9507,3206,1580,3571,1599,3206,3571,3139,3522,9,4,12,5,8,16,0,0,6,2,32,22
33007950800,140,33,007,13620,999,,,Census Tract 9508,2517,1412,2821,1512,2517,2821,2447,2770,10,7,7,11,6,10,0,1,4,5,43,17
33007950900,140,33,007,13620,999,,,Census Tract 9509,3230,1710,3278,1683,3230,3278,3138,3191,3,2,8,7,35,36,0,1,1,5,45,36
33007951000,140,33,007,13620,999,,,Census Tract 9510,2183,1887,2006,1618,2183,2006,2099,1969,16,2,10,1,22,6,0,0,10,1,26,21
33009960100,140,33,009,30100,180,,,Census Tract 9601,5928,3065,5845,2746,5928,5845,5701,5643,26,22,17,33,57,49,0,3,31,35,96,60
33009960200,140,33,009,30100,180,,,Census Tract 9602,4193,2805,3686,2394,4193,3686,4071,3587,3,4,15,18,37,21,1,0,10,4,56,52
33009960400,140,33,009,30100,180,,,Census Tract 9604,4399,6039,3374,4923,4399,3374,4286,3290,8,5,5,7,41,21,0,1,14,10,45,40
33009960600,140,33,009,30100,180,,,Census Tract 9606,4697,2379,4416,2148,4697,4416,4544,4338,20,20,17,11,42,16,3,1,16,9,55,21
33009960700,140,33,009,30100,180,,,Census Tract 9607,2938,1663,2598,1392,2938,2598,2864,2535,8,5,5,3,17,11,0,0,2,14,42,30
33009960800,140,33,009,30100,180,,,Census Tract 9608,4896,3237,4289,2712,4896,4289,4751,4203,13,7,18,12,28,25,0,5,13,3,73,34
33009960900,140,33,009,30100,180,,,Census Tract 9609,3266,2086,2947,1847,3266,2947,3157,2884,10,10,16,4,31,17,0,0,10,12,42,20
33009961000,140,33,009,30100,180,,,Census Tract 9610,6990,2231,5888,1898,6990,5888,6681,5684,67,24,20,7,80,48,0,0,32,29,110,91
33009961200,140,33,009,30100,180,,,Census Tract 9612,4137,3483,4002,2920,4137,4002,4028,3875,10,7,8,12,25,46,3,0,9,16,54,41
33009961300,140,33,009,30100,180,,,Census Tract 9613,3284,1973,2770,1617,3284,2770,3164,2716,11,4,29,8,15,9,0,0,5,1,60,31
33009961500,140,33,009,30100,180,,,Census Tract 9615,4582,2508,4618,2372,4582,4618,4437,4523,18,7,12,5,42,34,0,0,7,8,66,41
33009961602,140,33,009,30100,180,,,Census Tract 9616.02,8636,2276,8162,1891,8636,8162,6692,6960,374,184,87,50,1074,668,2,7,74,92,333,201
33009961700,140,33,009,30100,180,,,Census Tract 9617,7572,3929,6599,3063,7572,6599,6433,6121,151,63,23,33,729,248,1,3,60,23,175,108
33009961800,140,33,009,30100,180,,,Census Tract 9618,5579,2720,5969,2644,5579,5969,5189,5741,62,41,13,21,171,87,0,1,43,28,101,50
33011000102,140,33,011,31700,148,,,Census Tract 1.02,5024,1987,4621,1994,5024,4621,4480,4341,99,61,12,4,299,142,0,0,59,31,75,42
33011000202,140,33,011,31700,148,,,Census Tract 2.02,2297,1015,2374,993,2297,2374,2006,2229,130,68,7,6,32,15,1,0,51,23,70,33
33011000204,140,33,011,31700,148,,,Census Tract 2.04,4793,2466,4034,1975,4793,4034,4029,3564,216,97,9,7,339,227,0,1,88,57,112,80
33011000300,140,33,011,31700,148,,,Census Tract 3,2881,1410,2926,1365,2881,2926,2520,2766,108,32,15,8,77,44,2,4,65,42,94,30
33011000700,140,33,011,31700,148,,,Census Tract 7,3109,1386,3111,1390,3109,3111,2916,3025,34,24,13,6,46,20,3,0,26,5,71,31
33011000800,140,33,011,31700,148,,,Census Tract 8,2378,1018,2450,1007,2378,2450,2082,2273,72,44,3,4,53,45,1,0,89,29,78,55
33011000901,140,33,011,31700,148,,,Census Tract 9.01,3523,1540,3922,1500,3523,3922,3212,3584,115,95,1,11,77,87,0,0,37,65,81,80
33011000902,140,33,011,31700,148,,,Census Tract 9.02,5416,2428,4410,1894,5416,4410,4598,4064,307,79,13,9,233,142,0,4,121,41,144,71
33011001200,140,33,011,31700,148,,,Census Tract 12,1919,856,2081,824,1919,2081,1742,1988,45,29,4,1,29,18,1,2,65,14,33,29
33011001300,140,33,011,31700,148,,,Census Tract 13,3151,1586,3204,1562,3151,3204,2500,2787,202,110,22,12,165,99,0,1,131,95,131,100
33011001400,140,33,011,31700,148,,,Census Tract 14,2257,1161,2385,1135,2257,2385,1683,1983,179,123,15,11,106,125,10,1,201,89,63,53
33011001500,140,33,011,31700,148,,,Census Tract 15,2987,1141,3079,1130,2987,3079,1912,2511,351,140,10,14,131,152,0,2,406,184,177,76
33011001600,140,33,011,31700,148,,,Census Tract 16,4010,1710,4041,1655,4010,4041,2936,3462,307,107,23,17,244,176,3,0,317,135,180,144
33011001700,140,33,011,31700,148,,,Census Tract 17,2226,1096,2285,1088,2226,2285,1837,2041,111,48,14,16,70,66,0,1,127,76,67,37
33011001900,140,33,011,31700,148,,,Census Tract 19,3390,1133,3285,1038,3390,3285,2401,2666,308,196,25,28,126,103,13,6,389,176,128,110
33011002000,140,33,011,31700,148,,,Census Tract 20,2208,1029,2447,1044,2208,2447,1667,2128,125,98,4,27,198,42,0,1,114,94,100,57
33011002100,140,33,011,31700,148,,,Census Tract 21,4782,2091,4882,2035,4782,4882,4025,4513,211,112,32,26,184,57,7,3,136,70,187,101
33011002300,140,33,011,31700,148,,,Census Tract 23,3758,1707,3687,1556,3758,3687,3337,3465,96,53,7,10,118,75,0,1,105,44,95,39
33011002400,140,33,011,31700,148,,,Census Tract 24,7118,2888,6697,2831,7118,6697,6078,6219,416,162,23,19,199,97,5,2,187,93,210,105
33011002500,140,33,011,31700,148,,,Census Tract 25,5205,2305,5259,2289,5205,5259,4820,5045,58,32,11,10,169,86,3,2,57,15,87,69
33011002600,140,33,011,31700,148,,,Census Tract 26,5746,2217,5499,2001,5746,5499,5220,5250,94,34,9,6,253,126,1,2,52,35,117,46
33011002701,140,33,011,31700,148,,,Census Tract 27.01,3807,1495,3612,1352,3807,3612,3718,3565,13,9,6,9,15,4,0,0,3,5,52,17
33011002702,140,33,011,31700,148,,,Census Tract 27.02,6029,2394,5722,2165,6029,5722,5868,5646,33,15,8,15,38,6,1,0,21,9,60,28
33011002800,140,33,011,31700,148,,,Census Tract 28,7815,2452,7594,2280,7815,7594,7467,7413,105,18,13,15,90,42,5,1,41,40,94,65
33011010100,140,33,011,31700,148,,,Census Tract 101,5345,2054,5325,1983,5345,5325,4894,5070,106,58,1,2,207,134,3,0,79,24,55,37
33011010200,140,33,011,31700,148,,,Census Tract 102,7146,3255,7164,3197,7146,7164,5768,6169,257,174,13,18,681,473,5,2,237,219,185,109
33011010301,140,33,011,31700,148,,,Census Tract 103.01,4833,2026,4806,1925,4833,4806,4272,4569,65,44,5,6,388,125,0,1,22,23,81,38
33011010302,140,33,011,31700,148,,,Census Tract 103.02,4237,1757,4205,1704,4237,4205,3703,3911,77,75,5,14,247,125,0,4,99,25,106,51
33011010800,140,33,011,31700,148,,,Census Tract 108,7583,3298,7806,3111,7583,7806,5397,5936,420,325,41,65,109,154,3,3,1198,1087,415,236
33011010900,140,33,011,31700,148,,,Census Tract 109,6183,2406,6376,2377,6183,6376,5354,5938,143,78,21,10,133,74,4,2,377,168,151,106
33011011000,140,33,011,31700,148,,,Census Tract 110,5103,1829,4971,1777,5103,4971,4614,4745,120,73,6,11,181,67,0,2,89,24,93,49
33011011101,140,33,011,31700,148,,,Census Tract 111.01,3139,1760,3297,1725,3139,3297,2360,2526,167,148,6,12,397,454,0,0,130,86,79,67
33011011102,140,33,011,31700,148,,,Census Tract 111.02,3358,1927,3527,1889,3358,3527,2388,2703,125,158,6,13,589,486,0,1,146,93,104,71
33011011200,140,33,011,31700,148,,,Census Tract 112,6360,2507,5822,2125,6360,5822,5053,5223,44,16,2,7,1118,523,0,3,44,15,99,35
33011011401,140,33,011,31700,148,,,Census Tract 114.01,5183,2166,4798,1943,5183,4798,4460,4551,73,42,6,3,490,137,1,2,43,29,110,34
33011011402,140,33,011,31700,148,,,Census Tract 114.02,5058,1915,4594,1654,5058,4594,3887,4011,174,113,6,12,677,290,3,1,224,81,87,86
33011011500,140,33,011,31700,148,,,Census Tract 115,2430,1156,2509,1114,2430,2509,2274,2431,26,11,2,3,82,36,0,0,15,5,31,23
33011012200,140,33,011,31700,148,,,Census Tract 122,7336,3055,7814,3125,7336,7814,6881,7481,111,96,5,20,118,87,3,0,98,64,120,66
33011012300,140,33,011,31700,148,,,Census Tract 123,8930,3152,7502,2456,8930,7502,8249,7302,108,25,12,10,364,88,2,1,62,13,133,63
33011013100,140,33,011,31700,148,,,Census Tract 131,8271,2912,7339,2377,8271,7339,7973,7171,59,38,30,20,70,41,1,0,40,10,98,54
33011014100,140,33,011,31700,148,,,Census Tract 141,5631,2719,4972,2268,5631,4972,5224,4729,76,62,18,8,143,104,2,2,56,17,112,50
33011014201,140,33,011,31700,148,,,Census Tract 142.01,5876,2031,5714,1822,5876,5714,5621,5523,37,43,8,9,104,74,0,1,18,17,88,47
33011014300,140,33,011,31700,148,,,Census Tract 143,7725,2775,7806,2616,7725,7806,7347,7546,37,55,9,13,187,111,2,6,32,13,111,62
33011015100,140,33,011,31700,148,,,Census Tract 151,5265,1955,4992,1724,5265,4992,5092,4864,17,18,3,8,76,56,1,2,10,10,66,34
33011015200,140,33,011,31700,148,,,Census Tract 152,5936,2325,5786,2030,5936,5786,5641,5591,38,28,12,6,114,88,3,0,30,13,98,60
33011016201,140,33,011,31700,148,,,Census Tract 162.01,7017,3283,6667,2803,7017,6667,6622,6434,77,64,27,5,110,74,1,0,67,13,113,77
33011017100,140,33,011,31700,148,,,Census Tract 171,7684,2929,7011,2488,7684,7011,7315,6772,40,30,6,7,187,115,1,0,13,11,122,70
33011018501,140,33,011,31700,148,,,Census Tract 185.01,2105,933,2030,849,2105,2030,2041,1988,13,4,10,3,2,7,4,3,5,1,30,21
33011018502,140,33,011,31700,148,,,Census Tract 185.02,1382,571,1332,519,1382,1332,1359,1305,1,3,0,1,9,5,0,2,3,1,10,13
33011019501,140,33,011,31700,148,,,Census Tract 195.01,1683,687,1480,574,1683,1480,1594,1457,14,2,5,2,14,4,0,0,14,3,42,11
33011019502,140,33,011,31700,148,,,Census Tract 195.02,2409,868,2119,726,2409,2119,2343,2085,10,3,4,2,20,5,0,0,1,4,31,16
33011021000,140,33,011,31700,148,,,Census Tract 210,8785,3466,7776,2828,8785,7776,8586,7640,21,13,27,17,36,33,2,0,20,17,93,56
33011022000,140,33,011,31700,148,,,Census Tract 220,1749,699,1675,645,1749,1675,1710,1630,8,12,3,14,11,4,0,0,1,8,16,7
33011023000,140,33,011,31700,148,,,Census Tract 230,6284,2956,5883,2509,6284,5883,6039,5705,46,37,11,9,112,76,1,2,26,16,49,38
33011025000,140,33,011,31700,148,,,Census Tract 250,2637,1329,2449,1160,2637,2449,2568,2401,7,6,5,9,10,9,1,0,4,1,42,23
33011025500,140,33,011,31700,148,,,Census Tract 255,6235,3033,5129,2446,6235,5129,6008,4998,37,12,20,22,36,46,2,0,19,6,113,45
33011200100,140,33,011,31700,148,,,Census Tract 2001,4522,1596,3951,1300,4522,3951,4328,3848,22,13,7,6,89,50,0,0,23,11,53,23
33011200200,140,33,011,31700,148,,,Census Tract 2002,4092,1421,3565,1198,4092,3565,3959,3473,24,9,7,14,48,36,1,0,19,11,34,22
33011200300,140,33,011,31700,148,,,Census Tract 2003,4283,1581,3398,1242,4283,3398,4100,3303,28,26,4,4,88,28,0,0,21,5,42,32
33011200400,140,33,011,31700,148,,,Census Tract 2004,2867,1901,2395,1435,2867,2395,2409,1893,195,102,5,18,86,68,2,0,99,192,71,122
33011980101,140,33,011,31700,148,,,Census Tract 9801.01,0,0,0,0,0,0,0,0,0,0,0,0,0,0,0,0,0,0,0,0
33013003001,140,33,013,18180,148,,,Census Tract 30.01,4168,1555,4392,1341,4168,4392,3961,4243,44,39,6,6,49,62,4,1,35,11,69,30
33013003006,140,33,013,18180,148,,,Census Tract 30.06,3637,1346,2871,1100,3637,2871,3437,2766,51,16,10,8,63,52,2,0,26,4,48,22
33013003100,140,33,013,18180,148,,,Census Tract 31,4322,1881,4843,1962,4322,4843,4142,4738,35,24,15,11,34,18,2,0,17,13,77,39
33013003200,140,33,013,18180,148,,,Census Tract 32,7115,2872,6897,2734,7115,6897,6884,6748,43,26,35,18,45,26,0,0,29,2,79,77
33013031001,140,33,013,18180,148,,,Census Tract 310.01,3874,1389,3677,1152,3874,3677,3783,3596,6,4,5,3,37,38,0,0,11,10,32,24
33013031002,140,33,013,18180,148,,,Census Tract 310.02,3645,1418,3460,1177,3645,3460,3527,3383,1,4,3,3,67,35,0,0,12,10,35,22
33013032100,140,33,013,18180,148,,,Census Tract 321,3880,1621,4017,1565,3880,4017,3652,3855,22,19,10,4,120,84,0,0,5,23,71,32
33013032300,140,33,013,18180,148,,,Census Tract 323,1756,1040,1928,1050,1756,1928,1629,1835,28,27,4,15,44,27,0,3,5,5,46,16
33013032400,140,33,013,18180,148,,,Census Tract 324,3593,1740,3420,1661,3593,3420,3320,3272,79,33,14,11,90,49,0,0,15,12,75,43
33013032500,140,33,013,18180,148,,,Census Tract 325,3908,1531,3712,1178,3908,3712,3726,3593,32,24,13,13,73,42,0,0,9,12,55,28
33013032600,140,33,013,18180,148,,,Census Tract 326,4129,1093,4154,1052,4129,4154,3805,3903,182,101,22,25,40,28,0,0,34,8,46,89
33013032706,140,33,013,18180,148,,,Census Tract 327.06,3887,1633,3480,1339,3887,3480,3630,3357,51,20,9,8,92,44,0,0,41,6,64,44
33013032800,140,33,013,18180,148,,,Census Tract 328,5100,2128,4407,1779,5100,4407,4854,4304,26,30,3,3,130,26,1,0,11,8,75,36
33013033000,140,33,013,18180,148,,,Census Tract 330,2523,963,2236,849,2523,2236,2493,2195,5,4,0,8,6,3,0,0,5,4,14,22
33013034000,140,33,013,18180,148,,,Census Tract 340,4566,1839,4021,1592,4566,4021,4469,3966,18,4,3,4,26,13,0,0,12,4,38,30
33013035000,140,33,013,18180,148,,,Census Tract 350,4106,1769,3931,1569,4106,3931,3977,3828,25,15,12,5,24,4,0,0,9,10,59,69
33013037000,140,33,013,18180,148,,,Census Tract 370,2352,1002,1979,838,2352,1979,2294,1951,12,5,6,0,8,5,2,1,7,2,23,15
33013038000,140,33,013,18180,148,,,Census Tract 380,3965,1453,3667,1293,3965,3667,3863,3584,25,20,11,10,11,16,0,0,10,5,45,27
33013041000,140,33,013,18180,148,,,Census Tract 410,4397,2303,7889,4486,4397,7889,4241,7756,49,15,2,10,47,42,2,1,4,17,52,48
33013041500,140,33,013,18180,148,,,Census Tract 415,3611,1855,3207,1562,3611,3207,3544,3172,6,4,5,3,10,11,0,2,6,0,40,15
33013043001,140,33,013,18180,148,,,Census Tract 430.01,4200,1859,4007,1648,4200,4007,4043,3877,14,15,23,12,28,30,2,1,11,11,79,61
33013043002,140,33,013,18180,148,,,Census Tract 430.02,4277,2079,4398,2028,4277,4398,4112,4284,28,17,16,11,38,13,0,0,14,18,69,55
33013044000,140,33,013,18180,148,,,Census Tract 440,4829,1969,4548,1782,4829,4548,4664,4465,38,6,15,8,38,19,0,0,9,7,65,43
33013044100,140,33,013,18180,148,,,Census Tract 441,3570,1767,3348,1594,3570,3348,3164,3120,142,54,12,8,171,76,1,4,9,20,71,62
33013044200,140,33,013,18180,148,,,Census Tract 442,5646,2283,4457,1865,5646,4457,5330,4295,46,24,7,13,153,80,1,1,28,7,81,34
33013044300,140,33,013,18180,148,,,Census Tract 443,4229,2028,3786,1664,4229,3786,3942,3652,62,21,24,9,112,47,3,0,11,6,75,48
33015003301,140,33,015,14460,148,,,Census Tract 33.01,4567,1599,4503,1461,4567,4503,4394,4392,30,24,9,3,44,32,3,1,36,10,51,41
33015003302,140,33,015,14460,148,,,Census Tract 33.02,4995,1908,5263,1962,4995,5263,4702,5027,40,46,18,8,86,75,1,2,45,38,103,61
33015003400,140,33,015,14460,148,,,Census Tract 34,5355,2528,5608,2465,5355,5608,5073,5367,71,54,13,17,74,50,2,1,46,40,76,73
33015003500,140,33,015,14460,148,,,Census Tract 35,5782,2785,5802,2583,5782,5802,5377,5441,61,86,16,18,82,88,0,0,102,69,144,97
33015003601,140,33,015,14460,148,,,Census Tract 36.01,6817,2427,6957,2325,6817,6957,6398,6724,84,49,9,15,160,65,6,4,46,24,114,73
33015003602,140,33,015,14460,148,,,Census Tract 36.02,5593,2030,5736,1883,5593,5736,5357,5578,40,41,15,5,67,47,0,4,31,19,83,36
33015003703,140,33,015,14460,148,,,Census Tract 37.03,5104,2038,4524,1655,5104,4524,4849,4366,32,30,7,10,136,65,1,0,16,18,63,31
33015003801,140,33,015,14460,148,,,Census Tract 38.01,3931,1307,3853,1185,3931,3853,3797,3734,22,23,4,7,55,46,0,0,19,11,34,30
33015003802,140,33,015,14460,148,,,Census Tract 38.02,4057,1321,3977,1198,4057,3977,3898,3853,38,24,1,7,60,47,3,0,9,12,48,31
33015003901,140,33,015,14460,148,,,Census Tract 39.01,4076,1551,4287,1487,4076,4287,3898,4172,51,16,2,4,48,35,0,2,18,10,59,44
33015003902,140,33,015,14460,148,,,Census Tract 39.02,3374,1147,3552,1100,3374,3552,3208,3458,15,13,5,3,73,29,1,2,26,8,46,36
33015050000,140,33,015,14460,148,,,Census Tract 500,3909,1494,3913,1385,3909,3913,3818,3839,11,17,13,18,19,23,0,1,5,4,43,11
33015052000,140,33,015,14460,148,,,Census Tract 520,5986,2214,5138,1777,5986,5138,5848,5057,18,10,7,6,18,7,1,0,33,18,61,35
33015053000,140,33,015,14460,148,,,Census Tract 530,4387,1684,4023,1479,4387,4023,4241,3926,28,23,8,11,13,14,2,1,12,12,83,36
33015054000,140,33,015,14460,148,,,Census Tract 540,4283,1573,3510,1201,4283,3510,4178,3445,9,2,6,2,11,12,0,0,13,18,66,31
33015055002,140,33,015,14460,148,,,Census Tract 550.02,4194,1946,4045,1688,4194,4045,4082,3977,23,9,8,7,17,10,1,0,8,3,55,34
33015057000,140,33,015,14460,148,,,Census Tract 570,4241,2129,3647,1909,4241,3647,4131,3557,17,11,13,11,30,24,0,5,4,7,46,32
33015058000,140,33,015,14460,148,,,Census Tract 580,4785,1986,3699,1591,4785,3699,4637,3639,20,6,15,6,51,20,0,0,10,9,52,13
33015059000,140,33,015,14460,148,,,Census Tract 590,6411,2723,5487,2218,6411,5487,6168,5327,22,15,13,13,82,24,2,0,19,8,105,100
33015060000,140,33,015,14460,148,,,Census Tract 600,4486,1350,3194,919,4486,3194,4320,3081,30,26,6,7,46,27,4,1,21,22,59,24
33015062000,140,33,015,14460,148,,,Census Tract 620,2357,907,1784,648,2357,1784,2308,1749,3,2,1,1,17,6,0,1,7,17,21,8
33015062500,140,33,015,14460,148,,,Census Tract 625,2938,1310,2747,981,2938,2747,2857,2698,15,7,4,3,23,13,5,3,7,0,27,21
33015063001,140,33,015,14460,148,,,Census Tract 630.01,3728,1745,3402,1561,3728,3402,3561,3318,26,11,8,8,62,18,0,0,25,12,46,33
33015063002,140,33,015,14460,148,,,Census Tract 630.02,4965,2799,4531,2504,4965,4531,4812,4418,20,15,2,10,30,24,0,0,28,17,73,44
33015064000,140,33,015,14460,148,,,Census Tract 640,2236,900,1867,725,2236,1867,2187,1838,9,0,1,0,17,13,0,0,5,0,17,12
33015065001,140,33,015,14460,148,,,Census Tract 650.01,7874,3639,7631,3128,7874,7631,7574,7436,33,29,12,4,110,90,2,5,35,23,108,44
33015065006,140,33,015,14460,148,,,Census Tract 650.06,1527,1066,1476,1055,1527,1476,1475,1442,4,6,10,4,13,7,1,1,6,2,18,11
33015065007,140,33,015,14460,148,,,Census Tract 650.07,1842,1280,1780,1267,1842,1780,1740,1740,33,7,4,5,29,9,0,1,14,3,22,14
33015067000,140,33,015,14460,148,,,Census Tract 670,7255,2864,6346,2366,7255,6346,6994,6217,11,9,7,2,138,52,5,0,10,8,90,53
33015067501,140,33,015,14460,148,,,Census Tract 675.01,7252,3035,6273,2420,7252,6273,6752,5959,52,25,17,4,282,180,8,0,47,18,94,84
33015067502,140,33,015,14460,148,,,Census Tract 675.02,3364,1695,3332,1577,3364,3332,3124,3145,44,27,6,11,93,73,1,0,14,19,82,56
33015069100,140,33,015,14460,148,,,Census Tract 691,3867,2324,3876,2252,3867,3876,3738,3761,31,38,8,4,42,34,1,3,9,6,38,30
33015069200,140,33,015,14460,148,,,Census Tract 692,2638,1561,2621,1497,2638,2621,2522,2511,32,38,5,9,31,27,1,0,4,5,43,31
33015069300,140,33,015,14460,148,,,Census Tract 693,2065,1114,2126,1049,2065,2126,1955,2017,33,37,3,8,29,24,1,2,12,5,32,33
33015069700,140,33,015,14460,148,,,Census Tract 697,3519,1640,3385,1475,3519,3385,3269,3238,28,61,2,4,122,31,1,0,31,9,66,42
33015071000,140,33,015,14460,148,,,Census Tract 710,5298,2852,5182,2645,5298,5182,5179,5115,16,7,1,4,48,24,2,0,11,5,41,27
33015100301,140,33,015,14460,148,,,Census Tract 1003.01,4521,1833,4725,1805,4521,4725,4250,4527,32,22,8,18,133,89,3,3,19,33,76,33
33015100302,140,33,015,14460,148,,,Census Tract 1003.02,4262,1862,4162,1749,4262,4162,3499,3635,73,59,12,12,339,255,0,1,256,91,83,109
33015100400,140,33,015,14460,148,,,Census Tract 1004,7729,3214,7386,2809,7729,7386,7237,7101,51,29,11,9,187,123,4,5,139,60,100,59
33015101100,140,33,015,14460,148,,,Census Tract 1011,7609,3016,7746,2927,7609,7746,7426,7617,42,16,13,7,45,39,0,0,36,22,47,42
33015102100,140,33,015,14460,148,,,Census Tract 1021,4603,1751,4290,1553,4603,4290,4503,4200,14,29,11,7,19,3,0,1,15,17,41,33
33015103100,140,33,015,14460,148,,,Census Tract 1031,6751,2788,6255,2449,6751,6255,6583,6106,34,16,3,4,64,73,1,0,16,13,50,41
33015104101,140,33,015,14460,148,,,Census Tract 1041.01,4781,2112,4666,1859,4781,4666,4665,4594,12,10,4,3,38,25,0,2,11,7,51,21
33015105100,140,33,015,14460,148,,,Census Tract 1051,6025,2480,5864,2265,6025,5864,5846,5745,20,13,16,7,26,24,8,3,19,26,90,46
33015106101,140,33,015,14460,148,,,Census Tract 1061.01,7264,2579,5662,1878,7264,5662,6897,5475,35,19,19,4,235,102,0,8,14,14,64,40
33015106200,140,33,015,14460,148,,,Census Tract 1062,4331,2029,4502,1996,4331,4502,4103,4368,34,22,5,8,73,47,2,0,9,10,105,45
33015106400,140,33,015,14460,148,,,Census Tract 1064,4022,1853,4180,1822,4022,4180,3868,4055,14,20,2,8,95,44,0,0,3,9,40,41
33015107200,140,33,015,14460,148,,,Census Tract 1072,6024,2837,6009,2740,6024,6009,5261,5484,124,124,21,15,398,290,3,0,59,25,158,71
33015107400,140,33,015,14460,148,,,Census Tract 1074,1169,510,1271,499,1169,1271,1082,1191,20,31,3,0,33,29,0,0,6,3,25,17
33015980011,140,33,015,14460,148,,,Census Tract 9800.11,0,0,0,0,0,0,0,0,0,0,0,0,0,0,0,0,0,0,0,0
33015990000,140,33,015,14460,148,,,Census Tract 9900,0,0,0,0,0,0,0,0,0,0,0,0,0,0,0,0,0,0,0,0
33017080202,140,33,017,14460,148,,,Census Tract 802.02,2630,1089,2595,1015,2630,2595,2483,2474,14,14,0,13,98,53,0,6,8,2,27,27
33017080203,140,33,017,14460,148,,,Census Tract 802.03,5159,536,4194,605,5159,4194,4757,3906,46,36,4,7,221,178,2,4,29,15,100,46
33017080204,140,33,017,14460,148,,,Census Tract 802.04,4144,376,3369,424,4144,3369,3916,3137,51,29,4,5,83,142,0,4,16,12,74,36
33017080500,140,33,017,14460,148,,,Census Tract 805,6101,2418,5660,2080,6101,5660,5731,5444,47,29,6,13,179,84,2,8,14,22,122,60
33017081100,140,33,017,14460,148,,,Census Tract 811,6398,3123,5723,2614,6398,5723,5835,5510,109,43,5,4,264,89,0,2,52,15,133,60
33017081200,140,33,017,14460,148,,,Census Tract 812,4492,2094,4076,1722,4492,4076,4194,3894,40,27,6,7,157,91,3,1,6,14,86,42
33017081300,140,33,017,14460,148,,,Census Tract 813,4531,2400,4588,2275,4531,4588,4240,4334,100,66,15,15,54,74,1,0,28,19,93,80
33017082000,140,33,017,14460,148,,,Census Tract 820,2527,1099,2648,1060,2527,2648,2422,2589,17,18,6,2,21,14,1,0,7,2,53,23
33017083001,140,33,017,14460,148,,,Census Tract 830.01,6802,2978,6748,2852,6802,6748,6120,6531,116,24,26,18,266,46,1,0,76,28,197,101
33017083002,140,33,017,14460,148,,,Census Tract 830.02,4964,2221,4729,1989,4964,4729,4403,4506,46,42,14,4,355,64,1,1,31,40,114,72
33017084400,140,33,017,14460,148,,,Census Tract 844,4081,1817,4138,1749,4081,4138,3878,3999,55,28,9,6,33,48,0,1,21,11,85,45
33017084500,140,33,017,14460,148,,,Census Tract 845,3935,1687,3693,1421,3935,3693,3750,3609,24,17,14,4,67,24,8,0,12,2,60,37
33017085000,140,33,017,14460,148,,,Census Tract 850,8576,3661,7476,3146,8576,7476,8312,7335,40,19,20,10,83,31,0,4,18,17,103,60
33017086000,140,33,017,14460,148,,,Census Tract 860,3991,1784,3622,1563,3991,3622,3918,3567,10,4,6,4,13,8,0,0,6,1,38,33
33017088000,140,33,017,14460,148,,,Census Tract 880,4598,2181,3915,1816,4598,3915,4478,3831,22,8,9,12,11,10,1,0,8,3,69,51
33019975100,140,33,019,17200,180,,,Census Tract 9751,4004,1731,3902,1574,4004,3902,3906,3821,17,11,11,14,18,11,0,3,5,11,47,31
33019975200,140,33,019,17200,180,,,Census Tract 9752,5060,2871,3768,2398,5060,3768,4915,3703,19,5,11,7,35,11,0,0,20,8,60,29
33019975300,140,33,019,17200,180,,,Census Tract 9753,3365,2431,3050,2143,3365,3050,3283,2988,7,5,11,5,19,10,1,0,9,9,35,27
33019975400,140,33,019,17200,180,,,Census Tract 9754,6507,2938,6269,2633,6507,6269,6324,6144,18,9,15,13,26,22,0,0,18,7,106,74
33019975500,140,33,019,17200,180,,,Census Tract 9755,3087,2216,2616,1892,3087,2616,3017,2550,10,0,13,16,6,2,0,1,3,1,38,45
33019975600,140,33,019,17200,180,,,Census Tract 9756,3250,1598,2953,1375,3250,2953,3166,2914,9,8,12,7,20,4,0,0,3,1,40,19
33019975700,140,33,019,17200,180,,,Census Tract 9757,5114,2263,4749,2067,5114,4749,5002,4679,20,15,12,12,21,7,0,0,6,3,53,33
33019975800,140,33,019,17200,180,,,Census Tract 9758,4712,2142,4587,2039,4712,4587,4529,4500,20,10,13,14,57,21,1,4,15,6,77,32
33019975902,140,33,019,17200,180,,,Census Tract 9759.02,3948,1878,3983,1872,3948,3983,3765,3876,34,13,25,20,23,20,1,0,17,5,83,44
33001965100,140,33,001,29060,148,,,Census Tract 9651,3261,1878,2946,1597,3261,2946,3163,2881,11,6,4,1,29,13,2,0,7,5,45,40
33001965200,140,33,001,29060,148,,,Census Tract 9652,2920,2653,2881,2471,2920,2881,2825,2809,9,7,1,4,33,16,0,4,5,5,47,36
33001965700,140,33,001,29060,148,,,Census Tract 9657,4593,2319,3870,1988,4593,3870,4472,3782,20,23,13,11,15,22,0,0,8,1,65,26
33001966500,140,33,001,29060,148,,,Census Tract 9665,5250,4281,4516,3526,5250,4516,5165,4460,4,3,7,15,15,13,2,2,9,3,48,20
33003955100,140,33,003,99999,999,,,Census Tract 9551,3765,5280,3635,4614,3765,3635,3687,3578,8,4,9,10,17,12,0,1,1,17,43,13
33003955300,140,33,003,99999,999,,,Census Tract 9553,6032,4582,5280,3975,6032,5280,5825,5106,22,19,23,16,60,56,4,0,18,23,80,60
33003956000,140,33,003,99999,999,,,Census Tract 9560,5790,4170,4857,3611,5790,4857,5648,4775,11,4,14,21,48,8,1,1,7,8,61,40
33003956400,140,33,003,99999,999,,,Census Tract 9564,2387,2435,2155,2021,2387,2155,2342,2119,4,0,2,5,6,5,0,0,3,1,30,25
33005970100,140,33,005,28300,999,,,Census Tract 9701,4224,2101,4143,1962,4224,4143,4129,4073,5,4,16,20,22,13,0,0,6,1,46,31
33005970800,140,33,005,28300,999,,,Census Tract 9708,4208,1878,3971,1671,4208,3971,4082,3914,25,5,17,6,37,10,1,0,6,5,40,31
33007950100,140,33,007,13620,999,,,Census Tract 9501,2138,3111,2185,2363,2138,2185,2107,2148,1,1,4,9,1,0,0,0,1,3,24,24
33007950300,140,33,007,13620,999,,,Census Tract 9503,2009,1938,2092,1797,2009,2092,1964,2065,8,1,9,4,5,2,0,2,1,5,22,13
33007951100,140,33,007,13620,999,,,Census Tract 9511,3285,1916,2970,1681,3285,2970,3149,2901,12,11,14,12,23,9,0,0,33,8,54,29
33009960300,140,33,009,30100,180,,,Census Tract 9603,4662,2565,4360,2191,4662,4360,4562,4283,8,3,18,12,8,3,4,0,10,5,52,54
33009960500,140,33,009,30100,180,,,Census Tract 9605,2642,2197,2326,1925,2642,2326,2557,2254,3,2,6,6,15,10,1,0,5,6,55,48
33009961100,140,33,009,30100,180,,,Census Tract 9611,4184,2865,3885,2357,4184,3885,4042,3794,19,16,13,6,35,21,0,0,13,7,62,41
33009961400,140,33,009,30100,180,,,Census Tract 9614,3909,1930,3319,1588,3909,3319,3797,3257,5,4,6,4,40,12,0,0,9,7,52,35
33009961601,140,33,009,30100,180,,,Census Tract 9616.01,2624,1169,2688,1098,2624,2688,2430,2586,12,5,1,1,146,66,1,0,3,4,31,26
33011000101,140,33,011,31700,148,,,Census Tract 1.01,2916,1328,2998,1266,2916,2998,2762,2901,31,26,7,12,57,23,1,0,17,14,41,22
33011000203,140,33,011,31700,148,,,Census Tract 2.03,3054,1998,2571,1601,3054,2571,2739,2270,64,61,9,4,159,145,0,0,33,36,50,50
33011000600,140,33,011,31700,148,,,Census Tract 6,2248,1254,2491,1251,2248,2491,1949,2176,122,116,9,6,35,56,8,3,56,70,69,64
33011001000,140,33,011,31700,148,,,Census Tract 10,6027,2453,5385,2084,6027,5385,5620,5169,113,44,9,8,139,94,2,0,45,25,99,45
33011001100,140,33,011,31700,148,,,Census Tract 11,5313,2143,5541,2096,5313,5541,4921,5374,100,31,18,8,128,60,2,0,60,9,84,59
33011001800,140,33,011,31700,148,,,Census Tract 18,5730,2484,5765,2457,5730,5765,4868,5411,201,96,10,13,221,76,6,0,273,108,151,61
33011002200,140,33,011,31700,148,,,Census Tract 22,3232,1557,3182,1397,3232,3182,3030,3081,66,25,7,4,41,20,1,1,34,12,53,39
33011002901,140,33,011,31700,148,,,Census Tract 29.01,7086,2881,5704,2221,7086,5704,6553,5515,51,15,11,5,323,95,1,1,19,8,128,65
33011002902,140,33,011,31700,148,,,Census Tract 29.02,6257,2217,5680,2016,6257,5680,5950,5548,58,29,6,4,134,58,1,1,36,8,72,26
33011002903,140,33,011,31700,148,,,Census Tract 29.03,7860,2536,6887,2161,7860,6887,7541,6735,26,14,4,1,158,80,1,1,23,6,107,50
33011010400,140,33,011,31700,148,,,Census Tract 104,4979,2113,5169,2090,4979,5169,4502,4887,95,65,12,11,76,77,1,0,191,86,102,43
33011010500,140,33,011,31700,148,,,Census Tract 105,3903,1934,4160,1816,3903,4160,3034,3620,176,133,52,48,57,47,4,0,402,212,178,100
33011010600,140,33,011,31700,148,,,Census Tract 106,5560,2574,5609,2430,5560,5609,4599,4966,169,122,57,30,63,41,0,6,484,350,188,94
33011010700,140,33,011,31700,148,,,Census Tract 107,1570,975,1623,1011,1570,1623,1280,1416,65,45,7,6,26,25,1,1,122,95,69,35
33011011300,140,33,011,31700,148,,,Census Tract 113,4524,1516,4843,1515,4524,4843,4281,4618,44,59,1,3,105,94,1,0,43,19,49,50
33011012100,140,33,011,31700,148,,,Census Tract 121,8201,3005,7632,2595,8201,7632,7620,7328,112,72,16,4,263,80,1,12,51,48,138,88
33011014202,140,33,011,31700,148,,,Census Tract 142.02,6262,2293,6627,2253,6262,6627,6038,6462,42,24,11,18,65,89,0,1,13,7,93,26
33011016100,140,33,011,31700,148,,,Census Tract 161,2989,1188,2698,1046,2989,2698,2810,2608,53,25,0,5,44,16,0,1,19,6,63,37
33011016202,140,33,011,31700,148,,,Census Tract 162.02,5109,1824,4160,1464,5109,4160,4902,4044,63,32,8,8,46,34,0,0,10,8,80,29
33011018000,140,33,011,31700,148,,,Census Tract 180,4991,1700,4192,1390,4991,4192,4816,4102,13,6,11,8,62,26,1,2,9,9,79,38
33011019000,140,33,011,31700,148,,,Census Tract 190,3677,1530,3743,1451,3677,3743,3569,3652,20,13,9,5,17,19,0,0,7,17,55,37
33011020000,140,33,011,31700,148,,,Census Tract 200,5321,1967,4138,1462,5321,4138,5192,4056,22,15,7,4,38,15,0,0,17,13,45,35
33011021500,140,33,011,31700,148,,,Census Tract 215,4950,2353,4756,2224,4950,4756,4806,4659,15,7,7,9,35,8,0,2,18,14,69,57
33011022500,140,33,011,31700,148,,,Census Tract 225,6817,2622,5946,2073,6817,5946,6673,5847,13,14,15,11,25,24,4,0,18,13,69,37
33011024000,140,33,011,31700,148,,,Census Tract 240,1654,864,1739,814,1654,1739,1611,1711,6,4,1,5,13,7,0,0,4,1,19,11
33013030000,140,33,013,18180,148,,,Census Tract 300,2758,1077,2226,858,2758,2226,2687,2191,8,2,4,10,17,10,0,0,0,1,42,12
33013032200,140,33,013,18180,148,,,Census Tract 322,2806,1385,3026,1449,2806,3026,2565,2885,103,18,14,9,44,64,4,0,14,11,62,39
33013032701,140,33,013,18180,148,,,Census Tract 327.01,1583,692,1417,567,1583,1417,1491,1367,14,8,1,3,26,17,0,0,4,2,47,18
33013032900,140,33,013,18180,148,,,Census Tract 329,4254,2194,3989,1980,4254,3989,3430,3718,209,64,8,10,509,91,0,5,25,24,73,75
33013036000,140,33,013,18180,148,,,Census Tract 360,5317,2081,4481,1684,5317,4481,5226,4402,14,11,14,9,20,20,0,0,3,5,40,34
33013038500,140,33,013,18180,148,,,Census Tract 385,4705,2207,4343,1901,4705,4343,4609,4279,13,2,12,8,19,12,0,0,8,4,44,38
33013039000,140,33,013,18180,148,,,Census Tract 390,5589,2381,5399,2210,5589,5399,5459,5316,16,7,7,14,32,14,3,4,5,2,67,42
33013040000,140,33,013,18180,148,,,Census Tract 400,4836,1928,4433,1679,4836,4433,4629,4284,60,20,17,8,53,44,0,1,22,17,55,59
33013040500,140,33,013,18180,148,,,Census Tract 405,5559,3461,4700,2899,5559,4700,5400,4594,11,12,14,11,24,11,14,1,15,15,81,56
33013042500,140,33,013,18180,148,,,Census Tract 425,3753,1719,3246,1552,3753,3246,3627,3183,12,16,15,3,25,4,0,2,3,3,71,35
33015003701,140,33,015,14460,148,,,Census Tract 37.01,3587,1407,3182,1143,3587,3182,3463,3071,22,21,0,7,46,45,2,0,9,13,45,22
33015004000,140,33,015,14460,148,,,Census Tract 40,4953,1814,4682,1622,4953,4682,4811,4602,18,10,10,11,39,19,0,0,20,11,55,29
33015051000,140,33,015,14460,148,,,Census Tract 510,4768,1596,3788,1245,4768,3788,4632,3712,19,9,4,15,38,11,2,0,16,5,57,32
33015055001,140,33,015,14460,148,,,Census Tract 550.01,5944,2308,5617,2018,5944,5617,5755,5471,45,44,9,15,43,7,0,5,10,21,82,54
33015056000,140,33,015,14460,148,,,Census Tract 560,4280,1743,7690,2992,4280,7690,4197,7581,10,9,4,8,14,17,0,0,9,11,46,59
33015061001,140,33,015,14460,148,,,Census Tract 610.01,5953,2614,5355,2283,5953,5355,5688,5219,31,15,8,6,119,39,0,0,18,20,89,52
33015065005,140,33,015,14460,148,,,Census Tract 650.05,2469,1551,2387,1536,2469,2387,2402,2332,13,9,0,7,22,12,4,1,8,4,20,18
33015065008,140,33,015,14460,148,,,Census Tract 650.08,1718,2385,1661,2361,1718,1661,1636,1622,6,6,6,5,17,8,1,1,15,3,37,13
33015066000,140,33,015,14460,148,,,Census Tract 660,4301,1914,4259,1782,4301,4259,4175,4191,19,13,8,2,55,27,1,0,5,9,38,17
33015100100,140,33,015,14460,148,,,Census Tract 1001,6658,2673,6134,2422,6658,6134,6352,5943,36,29,6,12,131,73,2,7,44,14,87,52
33015100200,140,33,015,14460,148,,,Census Tract 1002,5606,2228,5620,2059,5606,5620,5254,5420,67,16,5,7,143,97,0,1,73,33,64,46
33015104102,140,33,015,14460,148,,,Census Tract 1041.02,3742,1615,3653,1421,3742,3653,3655,3597,11,8,3,3,32,19,1,1,4,5,36,17
33015106102,140,33,015,14460,148,,,Census Tract 1061.02,6328,2585,5047,2028,6328,5047,6037,4901,24,15,7,3,157,65,8,5,15,23,80,35
33015107100,140,33,015,14460,148,,,Census Tract 1071,2465,1176,2506,1162,2465,2506,2140,2229,92,119,5,4,71,78,0,0,32,6,125,70
33015107500,140,33,015,14460,148,,,Census Tract 1075,4302,1765,3983,1549,4302,3983,4128,3881,26,23,4,3,73,47,3,1,14,4,54,24
33017080100,140,33,017,14460,148,,,Census Tract 801,2705,1091,2500,876,2705,2500,2574,2451,15,17,2,0,72,17,0,0,6,3,36,12
33017081400,140,33,017,14460,148,,,Census Tract 814,1831,939,1804,914,1831,1804,1644,1641,40,31,9,4,92,92,3,4,7,2,36,30
33017081500,140,33,017,14460,148,,,Census Tract 815,5721,2715,5341,2476,5721,5341,4950,4918,94,56,10,10,480,236,2,3,53,21,132,97
33017081600,140,33,017,14460,148,,,Census Tract 816,7014,2414,5326,1908,7014,5326,6292,5075,138,77,14,12,324,52,5,4,41,21,200,81
33017084100,140,33,017,14460,148,,,Census Tract 841,4872,2150,4541,1917,4872,4541,4681,4424,32,16,11,4,72,31,0,5,10,21,66,38
33017084200,140,33,017,14460,148,,,Census Tract 842,7657,3393,7307,2974,7657,7307,7346,7087,37,44,23,24,76,42,5,2,44,21,126,87
33017084300,140,33,017,14460,148,,,Census Tract 843,6534,3077,6434,2806,6534,6434,6151,6206,80,32,24,21,98,94,2,1,38,16,141,64
33017084600,140,33,017,14460,148,,,Census Tract 846,2673,1248,2373,983,2673,2373,2582,2338,23,12,11,3,15,9,0,0,6,3,36,8
33017087000,140,33,017,14460,148,,,Census Tract 870,6786,2832,5783,2340,6786,5783,6566,5678,33,2,17,25,36,7,7,0,12,12,115,58
33017088500,140,33,017,14460,148,,,Census Tract 885,4421,2374,3644,2009,4421,3644,4322,3583,13,6,10,6,21,19,0,0,7,5,48,21
33019975901,140,33,019,17200,180,,,Census Tract 9759.01,4695,2273,4579,2162,4695,4579,4514,4467,31,17,6,8,46,39,2,0,21,4,75,44
