GEOID,SUMLEV,STATE,COUNTY,CBSA,CSA,NECTA,CNECTA,NAME,POP100,HU100,POP100.2000,HU100.2000,P003001,P003001.2000,P003002,P003002.2000,P003003,P003003.2000,P003004,P003004.2000,P003005,P003005.2000,P003006,P003006.2000,P003007,P003007.2000,P003008,P003008.2000
32001950301,140,32,001,21980,999,,,Census Tract 9503.01,3884,1883,3671,1718,3884,3671,2942,2972,88,65,219,175,137,156,5,11,239,127,254,162
32001950302,140,32,001,21980,999,,,Census Tract 9503.02,5268,2360,4955,2150,5268,4955,4155,4061,125,91,161,168,254,219,12,16,283,176,278,221
32001950400,140,32,001,21980,999,,,Census Tract 9504,711,231,1505,361,711,1505,488,1042,56,154,6,27,69,119,3,12,12,82,77,69
32001950500,140,32,001,21980,999,,,Census Tract 9505,1391,631,1497,610,1391,1497,812,834,3,2,462,595,9,1,1,1,44,12,60,48
32001950600,140,32,001,21980,999,,,Census Tract 9506,5359,2194,4589,1738,5359,4589,4700,4159,24,21,109,67,90,66,7,3,294,157,135,116
32001950700,140,32,001,21980,999,,,Census Tract 9507,5701,2456,5382,2141,5701,5382,5095,4945,36,31,115,70,66,58,18,6,197,155,174,117
32003000101,140,32,003,29820,332,,,Census Tract 1.01,6851,2013,6401,1994,6851,6401,3068,4289,722,870,35,28,230,183,38,27,2440,749,318,255
32003000105,140,32,003,29820,332,,,Census Tract 1.05,3998,1310,3458,1203,3998,3458,2393,2552,170,121,56,42,193,149,15,24,977,408,194,162
32003000106,140,32,003,29820,332,,,Census Tract 1.06,4263,2105,4106,2045,4263,4106,2613,3042,423,278,48,28,181,210,26,18,721,377,251,150
32003003619,140,32,003,29820,332,,,Census Tract 36.19,3006,1087,9,3,3006,9,1719,7,482,0,4,0,465,0,25,0,132,0,179,0
32003000107,140,32,003,29820,332,,,Census Tract 1.07,3856,1579,3714,1534,3856,3714,2197,2752,307,252,35,25,265,190,36,17,852,340,164,135
32003000108,140,32,003,29820,332,,,Census Tract 1.08,3681,1156,3639,1179,3681,3639,1955,2475,128,241,41,24,63,129,9,20,1311,591,174,157
32003000109,140,32,003,29820,332,,,Census Tract 1.09,3567,1389,3526,1416,3567,3526,2043,2398,324,233,28,23,146,124,23,20,840,572,163,152
32003000201,140,32,003,29820,332,,,Census Tract 2.01,4533,1777,3844,1450,4533,3844,1398,1551,1505,1650,21,41,215,49,35,12,1178,441,181,100
32003000203,140,32,003,29820,332,,,Census Tract 2.03,3582,1932,4419,2042,3582,4419,1747,2634,728,848,14,40,279,274,43,18,583,448,188,157
32003000204,140,32,003,29820,332,,,Census Tract 2.04,1157,412,1345,526,1157,1345,863,1186,88,55,14,9,87,57,1,2,79,16,25,20
32003000301,140,32,003,29820,332,,,Census Tract 3.01,3103,1207,3501,1341,3103,3501,676,785,1587,2321,16,23,58,36,7,4,674,254,85,78
32003000302,140,32,003,29820,332,,,Census Tract 3.02,4673,1694,5348,1953,4673,5348,596,771,3087,3838,9,32,112,105,17,40,661,395,191,167
32003000402,140,32,003,29820,332,,,Census Tract 4.02,3491,1389,3464,1299,3491,3464,1434,1901,608,393,77,77,133,121,29,13,1064,774,146,182
32003000510,140,32,003,29820,332,,,Census Tract 5.10,5503,1379,5581,1367,5503,5581,2230,2945,315,320,47,75,107,145,5,27,2569,1865,230,204
32003000513,140,32,003,29820,332,,,Census Tract 5.13,3874,1290,3387,1187,3874,3387,1939,2331,276,323,34,21,64,121,19,8,1400,424,142,159
32003000514,140,32,003,29820,332,,,Census Tract 5.14,6235,2091,6146,2006,6235,6146,2946,3089,700,1344,25,25,210,311,35,49,2057,1100,262,228
32003000515,140,32,003,29820,332,,,Census Tract 5.15,5104,1486,4329,1466,5104,4329,2367,2696,349,513,57,35,318,324,40,25,1734,519,239,217
32003000516,140,32,003,29820,332,,,Census Tract 5.16,5326,1356,4504,1499,5326,4504,2620,2719,777,457,83,50,193,270,32,14,1342,728,279,266
32003000517,140,32,003,29820,332,,,Census Tract 5.17,5103,1649,5091,1740,5103,5091,2446,2753,457,625,43,28,227,388,9,18,1699,1018,222,261
32003000518,140,32,003,29820,332,,,Census Tract 5.18,5297,1876,6567,1888,5297,6567,2502,3752,482,907,43,82,184,346,5,33,1795,996,286,451
32003000519,140,32,003,29820,332,,,Census Tract 5.19,4649,1409,5433,1525,4649,5433,2066,2555,309,377,31,78,189,221,9,19,1805,1930,240,253
32003000520,140,32,003,29820,332,,,Census Tract 5.20,1995,572,2288,557,1995,2288,878,1217,47,131,14,26,85,97,6,5,916,705,49,105
32003000522,140,32,003,29820,332,,,Census Tract 5.22,3438,1249,3932,1210,3438,3932,1137,1859,314,412,37,39,34,78,10,6,1754,1383,152,153
32003000523,140,32,003,29820,332,,,Census Tract 5.23,2194,1172,2509,1136,2194,2509,850,1186,360,262,17,25,26,49,11,4,843,882,87,97
32003000524,140,32,003,29820,332,,,Census Tract 5.24,2288,831,3000,919,2288,3000,911,1157,108,558,19,17,25,52,8,5,1139,1060,78,149
32003000526,140,32,003,29820,332,,,Census Tract 5.26,2695,779,2734,769,2695,2734,1400,1560,96,328,12,34,46,109,9,21,1027,544,105,134
32003000527,140,32,003,29820,332,,,Census Tract 5.27,3788,987,3842,974,3788,3842,1597,2193,257,462,7,47,109,154,8,30,1639,764,171,189
32003000528,140,32,003,29820,332,,,Census Tract 5.28,3255,1164,3302,1149,3255,3302,1294,1885,434,397,17,41,92,132,6,26,1257,657,155,162
32003000800,140,32,003,29820,332,,,Census Tract 8,2233,1622,2266,1531,2233,2266,1180,1433,380,199,14,21,324,255,18,2,215,251,102,105
32003000900,140,32,003,29820,332,,,Census Tract 9,942,1173,1163,863,942,1163,606,695,179,141,9,20,71,81,2,7,34,149,41,70
32003001003,140,32,003,29820,332,,,Census Tract 10.03,4025,1617,3706,1412,4025,3706,2435,2893,340,190,41,23,323,210,25,6,646,250,215,134
32003001004,140,32,003,29820,332,,,Census Tract 10.04,6368,3205,6397,3048,6368,6397,3658,4730,546,364,40,29,502,374,22,15,1269,574,331,311
32003001005,140,32,003,29820,332,,,Census Tract 10.05,1554,647,1724,675,1554,1724,1234,1511,71,67,6,3,126,80,6,1,58,22,53,40
32003001006,140,32,003,29820,332,,,Census Tract 10.06,4172,1976,4160,1956,4172,4160,2897,3520,234,180,20,23,255,191,28,5,552,130,186,111
32003001200,140,32,003,29820,332,,,Census Tract 12,4146,1815,4302,1827,4146,4302,2387,2924,271,205,37,40,355,419,33,14,858,452,205,248
32003001300,140,32,003,29820,332,,,Census Tract 13,4694,1684,4750,1721,4694,4750,2963,3443,179,147,83,57,277,216,20,8,996,613,176,266
32003001401,140,32,003,29820,332,,,Census Tract 14.01,3181,1404,3100,1467,3181,3100,1714,1994,186,131,29,22,183,221,16,7,939,547,114,175
32003001402,140,32,003,29820,332,,,Census Tract 14.02,4162,1132,4056,1183,4162,4056,1932,2610,155,172,31,28,253,289,9,10,1595,715,187,229
32003001501,140,32,003,29820,332,,,Census Tract 15.01,2877,1872,3305,2106,2877,3305,1564,2421,419,312,28,34,134,127,10,12,553,290,169,106
32003001607,140,32,003,29820,332,,,Census Tract 16.07,5512,2722,4965,2601,5512,4965,3677,4234,588,248,69,52,160,32,29,14,718,214,271,171
32003001608,140,32,003,29820,332,,,Census Tract 16.08,1861,892,1753,848,1861,1753,1207,1449,112,44,13,11,69,53,13,8,393,122,54,66
32003001610,140,32,003,29820,332,,,Census Tract 16.10,2894,836,2701,794,2894,2701,1646,1953,145,182,22,11,144,135,6,7,786,303,145,110
32003001611,140,32,003,29820,332,,,Census Tract 16.11,4769,1488,3787,1297,4769,3787,2627,2718,363,233,30,36,197,217,58,10,1306,395,188,178
32003001612,140,32,003,29820,332,,,Census Tract 16.12,7336,3576,6616,3242,7336,6616,3282,4327,1376,827,43,67,254,325,68,45,1978,660,335,365
32003001613,140,32,003,29820,332,,,Census Tract 16.13,3999,1336,3696,1247,3999,3696,1911,2685,494,293,38,24,156,138,18,26,1179,359,203,171
32003001706,140,32,003,29820,332,,,Census Tract 17.06,3012,1763,2901,1553,3012,2901,2265,2489,221,130,14,21,275,126,8,3,137,51,92,81
32003001707,140,32,003,29820,332,,,Census Tract 17.07,1510,876,1462,829,1510,1462,1093,1172,133,51,15,3,68,39,19,17,109,93,73,87
32003001708,140,32,003,29820,332,,,Census Tract 17.08,3015,1387,3315,1342,3015,3315,2122,2689,154,214,34,14,178,94,16,15,379,172,132,117
32003001709,140,32,003,29820,332,,,Census Tract 17.09,1547,637,1568,617,1547,1568,1056,1309,98,82,10,8,66,37,22,12,186,69,109,51
32003001710,140,32,003,29820,332,,,Census Tract 17.10,4186,1725,4127,1551,4186,4127,2345,3111,419,267,69,68,171,145,39,19,908,333,235,184
32003001711,140,32,003,29820,332,,,Census Tract 17.11,3619,2242,3115,1701,3619,3115,2066,2288,339,280,61,33,337,198,35,15,588,187,193,114
32003001714,140,32,003,29820,332,,,Census Tract 17.14,3344,1164,3300,1178,3344,3300,2053,2597,170,196,24,36,127,133,23,6,789,179,158,153
32003001715,140,32,003,29820,332,,,Census Tract 17.15,2635,863,2412,854,2635,2412,1449,1774,163,114,21,29,126,99,28,33,709,245,139,118
32003001716,140,32,003,29820,332,,,Census Tract 17.16,1579,516,1972,759,1579,1972,982,1505,89,74,23,19,70,74,5,10,346,212,64,78
32003001717,140,32,003,29820,332,,,Census Tract 17.17,1331,569,1363,557,1331,1363,1090,1245,46,23,5,7,47,46,5,8,94,14,44,20
32003001718,140,32,003,29820,332,,,Census Tract 17.18,3191,1053,2650,919,3191,2650,1504,1671,207,217,32,25,77,80,16,14,1168,525,187,118
32003001801,140,32,003,29820,332,,,Census Tract 18.01,6091,2862,5921,3106,6091,5921,3715,4700,392,350,86,81,238,246,36,13,1346,287,278,244
32003001804,140,32,003,29820,332,,,Census Tract 18.04,3555,1602,3361,1575,3555,3361,1769,2472,338,242,27,32,183,160,26,13,1063,263,149,179
32003001901,140,32,003,29820,332,,,Census Tract 19.01,5887,2258,5339,2177,5887,5339,2641,3094,628,502,56,45,515,365,40,33,1707,982,300,318
32003001902,140,32,003,29820,332,,,Census Tract 19.02,4188,1677,3933,1583,4188,3933,2240,2745,370,159,63,26,281,212,16,17,1003,575,215,199
32003002000,140,32,003,29820,332,,,Census Tract 20,3942,3698,4452,2921,3942,4452,2438,3448,370,322,41,22,368,252,31,11,543,233,151,164
32003002201,140,32,003,29820,332,,,Census Tract 22.01,3950,2205,4217,2216,3950,4217,1987,2988,440,320,35,58,404,307,68,68,824,316,192,160
32003002203,140,32,003,29820,332,,,Census Tract 22.03,4763,1576,4556,1541,4763,4556,2059,2645,322,452,25,42,350,253,28,29,1767,929,212,206
32003002204,140,32,003,29820,332,,,Census Tract 22.04,4400,1584,5203,1566,4400,5203,1635,3007,212,328,27,48,139,164,11,11,2179,1409,197,236
32003002206,140,32,003,29820,332,,,Census Tract 22.06,3395,1466,3349,1422,3395,3349,1479,1700,413,338,28,29,416,213,9,12,900,849,150,206
32003002207,140,32,003,29820,332,,,Census Tract 22.07,4123,1557,4068,1510,4123,4068,1316,2065,340,410,32,35,119,258,34,15,2045,1031,237,250
32003002302,140,32,003,29820,332,,,Census Tract 23.02,857,2196,2219,2146,857,2219,614,1457,97,215,6,10,88,219,5,11,22,191,25,113
32003002303,140,32,003,29820,332,,,Census Tract 23.03,836,777,2165,759,836,2165,673,1421,25,210,1,10,109,214,3,11,11,187,14,110
32003002403,140,32,003,29820,332,,,Census Tract 24.03,4531,3199,5060,3236,4531,5060,2349,3281,636,537,61,46,360,283,33,32,890,558,202,323
32003002405,140,32,003,29820,332,,,Census Tract 24.05,4164,2256,5166,2271,4164,5166,2012,3347,475,338,33,50,256,193,29,14,1110,726,249,498
32003002406,140,32,003,29820,332,,,Census Tract 24.06,3241,2241,2350,1751,3241,2350,1790,1601,618,308,43,24,289,118,34,12,239,154,228,133
32003002501,140,32,003,29820,332,,,Census Tract 25.01,6398,2900,4735,2230,6398,4735,2919,3192,791,523,25,30,880,289,29,31,1442,424,312,246
32003002504,140,32,003,29820,332,,,Census Tract 25.04,3848,2194,3726,1775,3848,3726,2269,2514,486,307,34,29,294,166,30,31,519,500,216,179
32003002506,140,32,003,29820,332,,,Census Tract 25.06,3349,2226,3528,2140,3349,3528,1354,2140,473,319,30,57,349,325,36,34,938,481,169,172
32003002603,140,32,003,29820,332,,,Census Tract 26.03,4087,2033,4172,2012,4087,4172,2308,2692,518,421,34,39,520,475,24,21,455,285,228,239
32003002604,140,32,003,29820,332,,,Census Tract 26.04,2285,1560,5379,2312,2285,5379,1305,3636,291,397,22,47,184,321,8,30,346,618,129,329
32003002605,140,32,003,29820,332,,,Census Tract 26.05,909,1248,2139,1850,909,2139,494,1446,194,157,8,18,42,127,8,11,74,245,89,130
32003002706,140,32,003,29820,332,,,Census Tract 27.06,4283,2183,3510,1766,4283,3510,1934,2276,472,351,30,45,170,187,39,42,1421,449,217,160
32003002707,140,32,003,29820,332,,,Census Tract 27.07,3942,1531,3972,1785,3942,3972,2282,3080,250,181,22,30,230,207,39,18,835,358,284,98
32003002708,140,32,003,29820,332,,,Census Tract 27.08,2888,1243,3010,1398,2888,3010,1225,1861,513,398,9,39,178,159,28,16,771,379,164,158
32003002808,140,32,003,29820,332,,,Census Tract 28.08,1827,860,1553,692,1827,1553,1407,1340,78,47,6,4,175,87,14,1,66,32,81,42
32003002810,140,32,003,29820,332,,,Census Tract 28.10,3217,2833,2587,1480,3217,2587,1765,2033,529,103,29,28,285,141,29,25,394,102,186,155
32003002811,140,32,003,29820,332,,,Census Tract 28.11,4036,1677,2034,793,4036,2034,2778,1696,256,65,18,11,548,156,24,12,225,27,187,67
32003002814,140,32,003,29820,332,,,Census Tract 28.14,5080,2198,4858,1835,5080,4858,3459,3798,305,194,23,12,693,471,35,31,325,162,240,190
32003002822,140,32,003,29820,332,,,Census Tract 28.22,3708,1179,3774,1192,3708,3774,2249,2650,197,148,28,49,104,108,13,14,880,591,237,214
32003002823,140,32,003,29820,332,,,Census Tract 28.23,3586,1984,3228,1830,3586,3228,2234,2503,381,228,38,21,230,220,68,31,426,79,209,146
32003002825,140,32,003,29820,332,,,Census Tract 28.25,3053,1230,3265,1252,3053,3265,2188,2672,151,124,9,16,117,137,31,21,355,177,202,118
32003002826,140,32,003,29820,332,,,Census Tract 28.26,2900,1073,2772,1035,2900,2772,2062,2259,143,105,20,23,174,165,35,13,336,92,130,115
32003002827,140,32,003,29820,332,,,Census Tract 28.27,2847,1210,2557,1094,2847,2557,1893,2106,277,134,30,13,122,82,30,4,329,135,166,83
32003002828,140,32,003,29820,332,,,Census Tract 28.28,3329,1829,1977,888,3329,1977,2304,1633,249,68,24,14,408,113,33,4,178,74,133,71
32003002829,140,32,003,29820,332,,,Census Tract 28.29,3914,1521,3814,1398,3914,3814,2784,3059,165,123,29,11,302,282,48,17,369,146,217,176
32003002830,140,32,003,29820,332,,,Census Tract 28.30,6152,2961,3442,1331,6152,3442,4371,2753,377,132,22,16,645,284,57,21,407,109,273,127
32003002831,140,32,003,29820,332,,,Census Tract 28.31,3533,2389,1958,1011,3533,1958,1791,1396,396,144,46,14,480,120,57,22,521,153,242,109
32003002832,140,32,003,29820,332,,,Census Tract 28.32,6051,3591,2574,1313,6051,2574,3899,1876,453,104,74,25,879,329,58,18,346,124,342,98
32003002834,140,32,003,29820,332,,,Census Tract 28.34,5931,2442,3863,1361,5931,3863,3963,2993,353,149,33,17,771,323,78,18,363,162,370,201
32003002835,140,32,003,29820,332,,,Census Tract 28.35,2519,1190,2102,956,2519,2102,1539,1579,147,70,21,11,386,236,62,28,179,93,185,85
32003002836,140,32,003,29820,332,,,Census Tract 28.36,3341,1431,1582,764,3341,1582,1859,1231,238,80,19,14,466,135,125,7,345,33,289,82
32003002841,140,32,003,29820,332,,,Census Tract 28.41,2849,1080,432,164,2849,432,2076,373,107,8,5,2,393,24,20,1,108,13,140,8
32003002843,140,32,003,29820,332,,,Census Tract 28.43,6365,2435,712,361,6365,712,3469,507,503,31,64,4,1270,91,116,8,489,43,454,26
32003002844,140,32,003,29820,332,,,Census Tract 28.44,5530,2463,619,365,5530,619,3378,440,410,27,38,4,808,79,91,7,453,37,352,23
32003002846,140,32,003,29820,332,,,Census Tract 28.46,6853,2849,767,422,6853,767,4094,546,544,34,51,5,935,97,91,8,582,46,556,28
32003002847,140,32,003,29820,332,,,Census Tract 28.47,3727,2876,3745,2065,3727,3745,2203,2844,312,174,33,21,366,302,51,28,567,197,195,177
32003002905,140,32,003,29820,332,,,Census Tract 29.05,5445,2289,5185,2283,5445,5185,3201,3907,732,515,25,44,561,277,38,13,639,211,249,218
32003002916,140,32,003,29820,332,,,Census Tract 29.16,2766,1288,2641,1165,2766,2641,2082,2220,234,116,22,15,199,163,7,11,121,43,101,73
32003002919,140,32,003,29820,332,,,Census Tract 29.19,4161,1794,3917,1473,4161,3917,2706,2940,203,146,29,26,531,437,23,11,458,162,211,195
32003002936,140,32,003,29820,332,,,Census Tract 29.36,3217,1419,2994,1323,3217,2994,2072,2363,287,155,23,8,420,207,16,6,273,136,126,119
32003002937,140,32,003,29820,332,,,Census Tract 29.37,4583,2309,4743,2223,4583,4743,2258,3259,554,335,42,27,633,373,60,51,775,479,261,219
32003002938,140,32,003,29820,332,,,Census Tract 29.38,1485,677,1233,557,1485,1233,988,1023,93,33,18,5,250,96,3,1,82,50,51,25
32003002939,140,32,003,29820,332,,,Census Tract 29.39,1771,733,1855,667,1771,1855,1431,1560,53,65,10,6,175,103,6,5,44,54,52,62
32003002940,140,32,003,29820,332,,,Census Tract 29.40,3467,1428,2659,1095,3467,2659,1616,1556,404,113,7,7,1064,791,43,9,168,51,165,132
32003002941,140,32,003,29820,332,,,Census Tract 29.41,5215,1976,5093,1811,5215,5093,3447,3837,192,139,79,45,421,254,19,32,804,489,253,297
32003002942,140,32,003,29820,332,,,Census Tract 29.42,4435,2105,4117,1787,4435,4117,3030,3259,259,172,30,15,486,309,48,17,404,176,178,169
32003002946,140,32,003,29820,332,,,Census Tract 29.46,2187,1025,2011,913,2187,2011,1349,1541,128,113,26,16,335,206,18,7,245,61,86,67
32003002947,140,32,003,29820,332,,,Census Tract 29.47,2706,1107,2628,991,2706,2628,2184,2315,86,70,15,8,210,113,8,6,80,24,123,92
32003002948,140,32,003,29820,332,,,Census Tract 29.48,3505,1285,3718,1324,3505,3718,2269,2901,149,92,34,35,208,107,36,17,595,388,214,178
32003002949,140,32,003,29820,332,,,Census Tract 29.49,3200,1238,2720,1094,3200,2720,2138,2167,155,70,18,19,345,211,10,11,398,133,136,109
32003002951,140,32,003,29820,332,,,Census Tract 29.51,8296,3865,4734,2565,8296,4734,4417,3157,707,302,36,21,2140,738,23,27,544,236,429,253
32003002952,140,32,003,29820,332,,,Census Tract 29.52,2540,1325,2244,1035,2540,2244,1584,1619,162,66,7,4,540,444,10,1,149,44,88,66
32003002953,140,32,003,29820,332,,,Census Tract 29.53,4159,1549,4406,1550,4159,4406,2700,3112,251,149,44,9,674,683,23,5,305,252,162,196
32003002954,140,32,003,29820,332,,,Census Tract 29.54,4250,2157,4448,2154,4250,4448,2386,3118,310,253,46,47,479,244,36,28,840,563,153,195
32003002957,140,32,003,29820,332,,,Census Tract 29.57,1908,1236,2106,1221,1908,2106,1730,1904,37,25,4,4,89,119,2,0,10,19,36,35
32003002958,140,32,003,29820,332,,,Census Tract 29.58,6033,3037,6057,2832,6033,6057,3308,4386,744,363,43,46,896,574,84,27,645,360,313,301
32003002961,140,32,003,29820,332,,,Census Tract 29.61,2013,902,1354,521,2013,1354,1421,1100,176,61,14,5,230,133,11,0,74,22,87,33
32003002962,140,32,003,29820,332,,,Census Tract 29.62,2010,1188,1141,606,2010,1141,1384,997,258,61,24,11,83,28,21,4,147,16,93,24
32003002964,140,32,003,29820,332,,,Census Tract 29.64,4922,2648,4418,2169,4922,4418,2200,3138,969,348,49,37,618,331,50,41,762,278,274,243
32003002965,140,32,003,29820,332,,,Census Tract 29.65,3314,1856,2975,1520,3314,2975,2232,2113,169,234,20,24,189,223,16,27,610,187,78,163
32003002966,140,32,003,29820,332,,,Census Tract 29.66,5308,3196,4765,2618,5308,4765,2109,3384,1231,375,18,39,872,357,54,44,834,300,190,262
32003002968,140,32,003,29820,332,,,Census Tract 29.68,2299,970,2123,776,2299,2123,1069,1410,206,165,7,23,746,242,9,17,158,126,104,137
32003002969,140,32,003,29820,332,,,Census Tract 29.69,1337,803,1234,642,1337,1234,658,820,282,96,4,13,198,141,10,10,121,73,64,80
32003002970,140,32,003,29820,332,,,Census Tract 29.70,3434,2635,3171,2108,3434,3171,1513,2106,692,247,38,34,513,362,31,25,487,188,160,205
32003002975,140,32,003,29820,332,,,Census Tract 29.75,5116,2196,1650,691,5116,1650,2526,1229,519,80,36,14,1244,175,55,7,478,61,258,79
32003002976,140,32,003,29820,332,,,Census Tract 29.76,3919,2004,1264,630,3919,1264,2126,942,307,62,23,11,1020,134,43,5,229,47,171,61
32003002977,140,32,003,29820,332,,,Census Tract 29.77,3101,1233,1000,388,3101,1000,1625,745,152,49,13,8,1023,106,9,4,118,37,161,48
32003002978,140,32,003,29820,332,,,Census Tract 29.78,2556,1093,824,343,2556,824,1561,614,131,40,10,7,575,87,5,3,131,30,143,39
32003002979,140,32,003,29820,332,,,Census Tract 29.79,2442,1179,184,79,2442,184,1612,166,167,3,20,1,346,3,38,0,116,3,143,5
32003002980,140,32,003,29820,332,,,Census Tract 29.80,5661,2383,426,159,5661,426,2826,385,559,7,31,4,1548,7,44,0,334,9,319,12
32003002982,140,32,003,29820,332,,,Census Tract 29.82,6955,2662,524,178,6955,524,2937,473,686,9,49,5,2322,9,90,0,480,11,391,15
32003002984,140,32,003,29820,332,,,Census Tract 29.84,3684,1465,277,98,3684,277,1712,250,307,4,23,2,1123,5,43,0,221,5,255,8
32003002995,140,32,003,29820,332,,,Census Tract 29.95,2706,1391,2585,1252,2706,2585,1143,1324,284,222,28,14,417,368,35,21,653,480,146,153
32003002996,140,32,003,29820,332,,,Census Tract 29.96,4750,2337,4538,2104,4750,4538,2176,2324,482,390,40,26,874,646,28,36,871,843,279,270
32003003001,140,32,003,29820,332,,,Census Tract 30.01,3698,1307,3981,1339,3698,3981,2577,3208,245,167,27,21,122,96,35,40,525,276,167,171
32003003004,140,32,003,29820,332,,,Census Tract 30.04,2127,1259,2408,1260,2127,2408,1301,1882,356,221,6,22,144,101,14,12,159,75,147,95
32003003005,140,32,003,29820,332,,,Census Tract 30.05,3480,1228,3643,1224,3480,3643,2564,2957,171,216,47,27,123,99,29,24,377,163,169,157
32003003103,140,32,003,29820,332,,,Census Tract 31.03,3625,1220,3303,1180,3625,3303,1842,2288,552,387,29,23,250,230,35,22,732,202,185,147
32003003104,140,32,003,29820,332,,,Census Tract 31.04,4258,1786,3878,1727,4258,3878,2169,2686,598,454,22,28,248,271,38,26,923,238,260,173
32003003204,140,32,003,29820,332,,,Census Tract 32.04,5823,2773,5152,2282,5823,5152,4958,4578,271,220,24,28,200,137,25,8,193,58,152,123
32003003210,140,32,003,29820,332,,,Census Tract 32.10,2446,1573,2625,1587,2446,2625,2237,2471,63,40,3,3,115,93,1,1,3,3,24,14
32003003211,140,32,003,29820,332,,,Census Tract 32.11,2997,2048,3229,1918,2997,3229,2781,3090,71,38,6,3,102,64,3,5,7,3,27,26
32003003213,140,32,003,29820,332,,,Census Tract 32.13,1951,1316,2131,1313,1951,2131,1796,2004,39,19,3,2,91,80,2,3,3,4,17,19
32003003214,140,32,003,29820,332,,,Census Tract 32.14,1951,1262,1722,1059,1951,1722,1771,1668,71,15,3,0,68,32,6,0,23,3,9,4
32003003215,140,32,003,29820,332,,,Census Tract 32.15,4213,1759,4584,1756,4213,4584,2930,3465,509,405,12,29,341,345,33,18,199,138,189,184
32003003218,140,32,003,29820,332,,,Census Tract 32.18,5352,2178,5943,2154,5352,5943,4194,5092,269,223,14,19,483,357,39,37,148,75,205,140
32003003219,140,32,003,29820,332,,,Census Tract 32.19,6137,3005,5971,2924,6137,5971,4481,4822,517,326,20,26,566,469,22,17,210,132,321,179
32003003220,140,32,003,29820,332,,,Census Tract 32.20,6066,2999,6559,2935,6066,6559,3840,4987,888,583,50,46,418,340,24,47,486,256,360,300
32003003222,140,32,003,29820,332,,,Census Tract 32.22,4622,2240,4702,2035,4622,4702,3403,3736,343,244,21,22,465,391,21,34,135,117,234,158
32003003226,140,32,003,29820,332,,,Census Tract 32.26,2290,1192,872,425,2290,872,1822,728,70,34,1,1,299,80,8,0,23,12,67,17
32003003227,140,32,003,29820,332,,,Census Tract 32.27,3856,1783,908,339,3856,908,2907,753,242,57,13,2,392,46,16,4,110,33,176,13
32003003228,140,32,003,29820,332,,,Census Tract 32.28,3684,1713,709,248,3684,709,2502,627,398,31,22,3,332,17,12,1,178,11,240,17
32003003229,140,32,003,29820,332,,,Census Tract 32.29,2070,1019,398,147,2070,398,1392,352,265,17,7,1,120,9,17,0,136,6,133,9
32003003230,140,32,003,29820,332,,,Census Tract 32.30,6112,2584,1176,374,6112,1176,4293,1041,620,51,39,5,495,29,30,1,278,18,357,29
32003003231,140,32,003,29820,332,,,Census Tract 32.31,4456,2464,858,357,4456,858,3198,759,426,37,19,3,361,21,17,1,201,13,234,21
32003003232,140,32,003,29820,332,,,Census Tract 32.32,5249,1853,1011,268,5249,1011,4501,894,173,44,38,4,189,24,30,1,151,15,167,25
32003003233,140,32,003,29820,332,,,Census Tract 32.33,3648,1530,702,221,3648,702,2496,621,346,30,26,3,426,17,23,1,129,10,202,17
32003003234,140,32,003,29820,332,,,Census Tract 32.34,3690,1643,710,238,3690,710,2398,628,533,31,16,3,275,17,15,1,202,11,251,17
32003003235,140,32,003,29820,332,,,Census Tract 32.35,2401,1501,462,217,2401,462,1701,409,290,20,20,2,159,11,9,0,108,7,114,11
32003003236,140,32,003,29820,332,,,Census Tract 32.36,2172,925,418,134,2172,418,1823,370,139,18,6,1,68,10,4,0,53,6,79,10
32003003237,140,32,003,29820,332,,,Census Tract 32.37,3669,1736,230,118,3669,230,2650,186,326,9,31,1,300,18,37,0,117,3,208,11
32003003238,140,32,003,29820,332,,,Census Tract 32.38,5306,2522,467,258,5306,467,3679,378,581,22,34,2,371,32,29,0,232,9,380,21
32003003239,140,32,003,29820,332,,,Census Tract 32.39,3290,1446,206,98,3290,206,2494,166,234,8,28,1,234,16,19,0,109,3,172,10
32003003240,140,32,003,29820,332,,,Census Tract 32.40,3612,1304,2961,919,3612,2961,2752,2429,301,186,18,15,228,141,11,4,93,73,209,109
32003003241,140,32,003,29820,332,,,Census Tract 32.41,3728,1693,3056,1193,3728,3056,2721,2507,419,192,17,16,228,146,38,4,144,75,161,112
32003003244,140,32,003,29820,332,,,Census Tract 32.44,3734,1469,2967,1138,3734,2967,2832,2329,348,223,27,9,170,202,37,6,185,85,135,110
32003003245,140,32,003,29820,332,,,Census Tract 32.45,5159,1900,4249,1488,5159,4249,3641,3309,461,308,30,12,459,275,61,29,229,118,278,194
32003003246,140,32,003,29820,332,,,Census Tract 32.46,3882,1708,3197,1337,3882,3197,2799,2490,383,232,25,9,283,207,33,22,153,89,206,146
32003003247,140,32,003,29820,332,,,Census Tract 32.47,3628,1817,4042,1784,3628,4042,2722,3298,329,253,25,18,240,215,25,22,141,101,146,131
32003003248,140,32,003,29820,332,,,Census Tract 32.48,2902,1402,3233,1376,2902,3233,2044,2638,333,203,18,15,175,172,9,18,147,80,176,105
32003003249,140,32,003,29820,332,,,Census Tract 32.49,3406,1287,1974,939,3406,1974,2632,1593,104,75,9,7,343,152,24,8,98,48,196,88
32003003250,140,32,003,29820,332,,,Census Tract 32.50,4994,2047,2895,1494,4994,2895,3709,2335,238,111,13,10,643,223,58,12,95,71,238,129
32003003251,140,32,003,29820,332,,,Census Tract 32.51,2300,901,2359,880,2300,2359,1842,1985,108,96,17,9,171,153,12,4,62,34,88,75
32003003252,140,32,003,29820,332,,,Census Tract 32.52,4246,1839,4355,1798,4246,4355,3334,3663,261,178,14,17,326,282,23,8,123,64,165,140
32003003253,140,32,003,29820,332,,,Census Tract 32.53,3542,1429,3657,1378,3542,3657,2269,2916,307,203,19,28,314,195,30,15,399,162,204,134
32003003260,140,32,003,29820,332,,,Census Tract 32.60,3454,1869,3990,1788,3454,3990,2356,3115,374,323,38,37,265,188,21,8,227,143,173,173
32003003261,140,32,003,29820,332,,,Census Tract 32.61,2489,1334,2875,1276,2489,2875,1660,2244,220,232,36,27,202,135,14,6,194,103,163,125
32003003262,140,32,003,29820,332,,,Census Tract 32.62,2797,1767,2842,1693,2797,2842,2551,2627,66,44,5,9,144,119,2,3,5,4,24,31
32003003305,140,32,003,29820,332,,,Census Tract 33.05,5377,2085,5046,1869,5377,5046,4035,4285,491,304,32,22,270,172,19,17,267,110,263,136
32003003307,140,32,003,29820,332,,,Census Tract 33.07,6242,2240,2622,1039,6242,2622,4515,2090,650,240,28,8,361,90,55,10,295,94,338,90
32003003308,140,32,003,29820,332,,,Census Tract 33.08,2911,983,1223,455,2911,1223,2104,974,287,111,15,3,198,41,9,4,147,43,151,41
32003003310,140,32,003,29820,332,,,Census Tract 33.10,4724,1808,587,185,4724,587,3737,490,348,42,23,7,251,14,17,2,155,12,193,18
32003003311,140,32,003,29820,332,,,Census Tract 33.11,3288,1239,408,127,3288,408,2439,341,365,29,14,5,177,10,8,1,114,8,171,12
32003003313,140,32,003,29820,332,,,Census Tract 33.13,3010,1041,374,106,3010,374,2242,312,292,27,24,4,142,9,19,1,121,7,170,11
32003003314,140,32,003,29820,332,,,Census Tract 33.14,6547,2522,813,258,6547,813,5093,678,448,59,43,10,422,20,31,2,202,16,308,25
32003003315,140,32,003,29820,332,,,Census Tract 33.15,4155,1480,516,151,4155,516,2971,431,447,37,26,6,251,12,19,1,193,10,248,15
32003003316,140,32,003,29820,332,,,Census Tract 33.16,5594,1854,695,190,5594,695,4048,580,519,50,32,9,443,17,21,2,198,14,333,21
32003003317,140,32,003,29820,332,,,Census Tract 33.17,3068,1142,1337,482,3068,1337,2166,1094,263,75,14,8,155,47,38,4,215,47,217,60
32003003318,140,32,003,29820,332,,,Census Tract 33.18,5112,1962,2230,829,5112,2230,3852,1824,397,126,52,13,281,79,25,7,261,78,244,100
32003003319,140,32,003,29820,332,,,Census Tract 33.19,5729,2059,2499,870,5729,2499,4245,2044,501,141,44,15,279,89,25,8,286,87,349,112
32003003320,140,32,003,29820,332,,,Census Tract 33.20,4263,1872,1859,791,4263,1859,3246,1520,411,105,40,11,183,66,32,6,163,65,188,83
32003003321,140,32,003,29820,332,,,Census Tract 33.21,2551,890,1112,376,2551,1112,1933,910,245,63,10,6,188,39,13,3,50,39,112,49
32003003408,140,32,003,29820,332,,,Census Tract 34.08,4883,1877,3245,1237,4883,3245,3386,2635,453,234,18,15,431,112,20,14,315,125,260,110
32003003409,140,32,003,29820,332,,,Census Tract 34.09,5109,2053,3860,1373,5109,3860,3454,3114,667,274,52,50,167,108,26,15,544,194,199,105
32003003411,140,32,003,29820,332,,,Census Tract 34.11,4037,1906,3953,1729,4037,3953,2944,3157,456,387,25,35,187,114,24,15,209,122,192,123
32003003413,140,32,003,29820,332,,,Census Tract 34.13,5001,2095,4879,1939,5001,4879,2921,3548,673,459,49,53,170,174,41,33,869,388,278,224
32003003414,140,32,003,29820,332,,,Census Tract 34.14,2412,786,2317,704,2412,2317,1831,1950,172,98,23,22,53,51,12,10,208,108,113,78
32003003418,140,32,003,29820,332,,,Census Tract 34.18,4121,1724,3850,1750,4121,3850,1942,2708,784,442,38,18,244,273,82,30,743,175,288,204
32003003419,140,32,003,29820,332,,,Census Tract 34.19,6588,2671,6136,2582,6588,6136,3295,3835,1144,800,51,70,349,459,60,44,1290,573,399,355
32003003420,140,32,003,29820,332,,,Census Tract 34.20,4080,1633,3722,1537,4080,3722,2139,2597,571,447,47,43,83,105,39,11,1021,360,180,159
32003003421,140,32,003,29820,332,,,Census Tract 34.21,3301,1382,3269,1361,3301,3269,1801,2557,445,240,39,17,277,212,51,31,497,95,191,117
32003003422,140,32,003,29820,332,,,Census Tract 34.22,5327,2212,6268,2396,5327,6268,3039,3923,685,1046,31,40,182,215,26,59,1033,702,331,283
32003003426,140,32,003,29820,332,,,Census Tract 34.26,3140,1303,2196,856,3140,2196,1797,1478,413,325,22,19,95,89,15,18,647,175,151,89
32003003427,140,32,003,29820,332,,,Census Tract 34.27,3908,1661,2734,1092,3908,2734,1797,1839,1046,405,50,24,218,111,18,23,622,219,157,110
32003003428,140,32,003,29820,332,,,Census Tract 34.28,1919,742,1742,598,1919,1742,958,1101,335,261,9,18,44,51,11,3,462,231,100,74
32003003431,140,32,003,29820,332,,,Census Tract 34.31,3292,1058,3290,978,3292,3290,1234,1348,600,767,39,31,83,122,5,12,1141,877,190,130
32003003500,140,32,003,29820,332,,,Census Tract 35,2595,1003,1616,545,2595,1616,374,145,1600,1381,6,7,55,17,13,0,418,47,129,19
32003003607,140,32,003,29820,332,,,Census Tract 36.07,7220,2473,4378,1409,7220,4378,3422,2885,1382,682,50,33,644,277,74,27,1139,232,509,242
32003003609,140,32,003,29820,332,,,Census Tract 36.09,4295,1622,4027,1486,4295,4027,3119,3417,326,237,30,31,125,82,34,18,434,104,227,138
32003003610,140,32,003,29820,332,,,Census Tract 36.10,5504,1933,4020,1358,5504,4020,3089,2878,952,470,60,34,317,169,37,52,768,206,281,211
32003003612,140,32,003,29820,332,,,Census Tract 36.12,6777,2815,4603,1771,6777,4603,3692,3292,1453,558,63,37,406,210,38,34,743,250,382,222
32003003613,140,32,003,29820,332,,,Census Tract 36.13,6475,2239,4148,1294,6475,4148,2655,2608,1525,714,54,40,417,174,54,23,1318,382,452,207
32003003616,140,32,003,29820,332,,,Census Tract 36.16,5430,1726,4958,1480,5430,4958,1543,1041,2126,3076,44,17,164,170,39,20,1302,433,212,199
32003003621,140,32,003,29820,332,,,Census Tract 36.21,3002,1984,9,5,3002,9,2406,7,270,0,18,0,224,0,8,0,32,0,44,0
32003003622,140,32,003,29820,332,,,Census Tract 36.22,5752,1968,17,5,5752,17,2938,14,1058,1,41,0,676,0,43,0,603,0,393,1
32003003623,140,32,003,29820,332,,,Census Tract 36.23,4746,1804,14,5,4746,14,2053,12,1366,1,33,0,274,0,62,0,625,0,333,0
32003003624,140,32,003,29820,332,,,Census Tract 36.24,5728,2136,17,6,5728,17,2804,14,1314,1,44,0,499,0,79,0,665,0,323,1
32003003626,140,32,003,29820,332,,,Census Tract 36.26,3789,1321,11,3,3789,11,1896,9,683,0,37,0,402,0,54,0,480,0,237,0
32003003627,140,32,003,29820,332,,,Census Tract 36.27,4443,1689,13,5,4443,13,1908,11,1047,1,23,0,457,0,51,0,578,0,379,0
32003003629,140,32,003,29820,332,,,Census Tract 36.29,5789,2231,2004,723,5789,2004,3395,1494,1047,206,24,12,434,114,46,18,442,89,401,69
32003003630,140,32,003,29820,332,,,Census Tract 36.30,5978,2189,2070,710,5978,2070,3532,1542,932,212,44,12,386,118,67,19,663,92,354,71
32003003631,140,32,003,29820,332,,,Census Tract 36.31,3385,1229,1445,531,3385,1445,1849,993,601,227,22,8,312,63,25,10,369,85,207,56
32003003632,140,32,003,29820,332,,,Census Tract 36.32,2830,1029,1208,444,2830,1208,1705,830,404,189,23,7,196,52,32,9,273,71,197,47
32003003633,140,32,003,29820,332,,,Census Tract 36.33,3707,1242,1583,536,3707,1583,1994,1087,626,248,25,9,224,69,55,11,543,94,240,61
32003003634,140,32,003,29820,332,,,Census Tract 36.34,4159,1434,1776,619,4159,1776,2113,1220,995,279,38,10,214,77,43,13,494,105,262,69
32003003635,140,32,003,29820,332,,,Census Tract 36.35,5577,1893,4470,1420,5577,4470,3079,3137,917,556,22,21,401,307,48,27,747,199,363,220
32003003636,140,32,003,29820,332,,,Census Tract 36.36,2614,841,2095,631,2614,2095,1730,1470,350,261,16,9,167,143,17,13,179,93,155,103
32003003637,140,32,003,29820,332,,,Census Tract 36.37,4308,1641,1741,607,4308,1741,2089,1179,1004,209,14,16,346,73,70,9,498,161,287,90
32003003638,140,32,003,29820,332,,,Census Tract 36.38,3076,1099,1243,406,3076,1243,1363,842,725,149,8,11,239,52,29,6,524,115,188,64
32003003639,140,32,003,29820,332,,,Census Tract 36.39,3678,1303,1486,482,3678,1486,1876,1007,609,178,35,13,237,63,28,8,645,137,248,77
32003003640,140,32,003,29820,332,,,Census Tract 36.40,4389,1560,1602,702,4389,1602,1827,998,1085,303,19,12,281,64,56,17,853,125,268,80
32003003641,140,32,003,29820,332,,,Census Tract 36.41,5385,1987,1966,895,5385,1966,2124,1224,1554,372,42,15,445,79,85,21,749,154,386,98
32003003642,140,32,003,29820,332,,,Census Tract 36.42,3782,1140,1381,513,3782,1381,1254,860,1195,261,32,11,410,55,53,14,589,108,249,69
32003003643,140,32,003,29820,332,,,Census Tract 36.43,4781,1871,3340,1255,4781,3340,1855,1804,1450,911,48,23,242,202,57,24,839,196,290,178
32003003644,140,32,003,29820,332,,,Census Tract 36.44,4517,1719,3156,1153,4517,3156,1555,1704,1543,860,25,21,289,190,52,23,790,185,263,169
32003003700,140,32,003,29820,332,,,Census Tract 37,3527,1165,3172,1097,3527,3172,481,323,2142,2506,17,9,20,9,0,1,740,231,127,93
32003003800,140,32,003,29820,332,,,Census Tract 38,4574,1763,6799,2465,4574,6799,1870,2784,803,1466,56,111,48,70,40,25,1528,2038,229,305
32003004000,140,32,003,29820,332,,,Census Tract 40,3634,944,3579,942,3634,3579,1423,2015,108,135,27,21,61,49,3,33,1851,1148,161,178
32003004100,140,32,003,29820,332,,,Census Tract 41,5840,1483,5809,1480,5840,5809,2950,3571,173,316,66,65,65,88,28,11,2242,1471,316,287
32003004200,140,32,003,29820,332,,,Census Tract 42,5309,1514,5509,1528,5309,5509,2426,3185,239,387,78,71,69,98,7,12,2230,1461,260,295
32003004301,140,32,003,29820,332,,,Census Tract 43.01,1922,641,2527,644,1922,2527,656,1605,76,141,22,18,7,34,0,5,1096,614,65,106
32003004302,140,32,003,29820,332,,,Census Tract 43.02,4175,1280,5492,1287,4175,5492,1743,3489,153,308,37,41,25,76,12,11,2028,1334,177,231
32003004401,140,32,003,29820,332,,,Census Tract 44.01,3060,856,2834,847,3060,2834,1084,1123,199,558,29,16,35,26,3,13,1543,938,167,157
32003004402,140,32,003,29820,332,,,Census Tract 44.02,4653,1088,4310,1077,4653,4310,1671,1708,1185,849,37,25,30,39,3,19,1557,1427,170,240
32003004500,140,32,003,29820,332,,,Census Tract 45,4798,1272,4881,1269,4798,4881,2018,1958,568,1049,69,66,69,77,11,8,1865,1482,198,241
32003004601,140,32,003,29820,332,,,Census Tract 46.01,4747,1500,4525,1249,4747,4525,1960,1939,941,942,27,39,70,86,1,5,1548,1292,200,220
32003004602,140,32,003,29820,332,,,Census Tract 46.02,3232,939,3082,781,3232,3082,1429,1321,541,641,25,26,28,58,1,4,1107,879,101,149
32003004703,140,32,003,29820,332,,,Census Tract 47.03,5200,1887,4332,1434,5200,4332,1898,2141,1124,939,80,31,168,116,36,3,1618,897,276,205
32003004709,140,32,003,29820,332,,,Census Tract 47.09,5513,1655,5829,1777,5513,5829,2001,3276,774,830,51,74,111,156,40,20,2297,1178,239,295
32003004710,140,32,003,29820,332,,,Census Tract 47.10,6351,2201,5228,1926,6351,5228,2474,2465,1103,1862,51,27,177,83,13,10,2209,557,324,224
32003004712,140,32,003,29820,332,,,Census Tract 47.12,5911,2567,6661,3130,5911,6661,2489,4178,1454,1176,97,114,146,188,49,44,1313,595,363,366
32003004713,140,32,003,29820,332,,,Census Tract 47.13,3958,2028,4525,2182,3958,4525,1557,1863,1018,1641,28,58,42,62,30,12,1018,737,265,152
32003004714,140,32,003,29820,332,,,Census Tract 47.14,6367,1819,4252,1250,6367,4252,2066,2187,1129,709,43,41,170,160,17,14,2630,931,312,210
32003004715,140,32,003,29820,332,,,Census Tract 47.15,6027,2193,2801,887,6027,2801,2133,1521,1457,647,41,21,329,149,43,17,1723,272,301,174
32003004716,140,32,003,29820,332,,,Census Tract 47.16,3293,952,2913,812,3293,2913,1205,1253,721,835,30,22,98,148,46,47,1029,424,164,184
32003004717,140,32,003,29820,332,,,Census Tract 47.17,3364,872,3073,842,3364,3073,1479,1768,295,464,22,22,52,106,23,16,1354,582,139,115
32003004910,140,32,003,29820,332,,,Census Tract 49.10,3105,965,2851,891,3105,2851,1498,1762,228,237,35,17,381,402,12,27,806,301,145,105
32003004911,140,32,003,29820,332,,,Census Tract 49.11,4220,1795,3496,1467,4220,3496,2135,2354,489,317,30,36,429,326,24,18,915,269,198,176
32003004912,140,32,003,29820,332,,,Census Tract 49.12,6023,1975,5297,1760,6023,5297,2915,3348,556,601,64,35,372,508,26,28,1735,484,355,293
32003004914,140,32,003,29820,332,,,Census Tract 49.14,2635,741,2118,667,2635,2118,1464,1600,156,130,24,13,108,86,36,11,762,178,85,100
32003004916,140,32,003,29820,332,,,Census Tract 49.16,2550,820,2181,733,2550,2181,1510,1520,137,219,28,28,83,59,4,3,690,247,98,105
32003004917,140,32,003,29820,332,,,Census Tract 49.17,3114,1138,2337,845,3114,2337,1766,1752,298,204,29,21,143,126,17,7,662,97,199,130
32003004918,140,32,003,29820,332,,,Census Tract 49.18,4104,1267,3531,1167,4104,3531,2339,2500,338,281,19,31,384,290,6,26,783,211,235,192
32003004919,140,32,003,29820,332,,,Census Tract 49.19,4590,1453,1818,658,4590,1818,2543,1298,392,142,32,21,579,108,11,6,779,156,254,81
32003004920,140,32,003,29820,332,,,Census Tract 49.20,5205,1673,4391,1508,5205,4391,2334,2575,808,600,57,60,361,414,74,26,1325,388,246,327
32003004921,140,32,003,29820,332,,,Census Tract 49.21,6160,2228,5425,2021,6160,5425,2847,3581,535,605,41,66,222,287,49,17,2202,598,264,271
32003004923,140,32,003,29820,332,,,Census Tract 49.23,4339,1448,2023,551,4339,2023,1962,1404,608,175,26,19,531,256,49,13,932,77,231,79
32003004925,140,32,003,29820,332,,,Census Tract 49.25,6274,2095,3091,1025,6274,3091,2929,2045,537,269,20,26,886,392,33,16,1421,187,448,154
32003004926,140,32,003,29820,332,,,Census Tract 49.26,3819,1146,1881,560,3819,1881,1727,1245,315,163,38,16,524,238,36,9,956,113,223,93
32003005006,140,32,003,29820,332,,,Census Tract 50.06,4771,2250,4746,2257,4771,4746,2703,3657,760,461,45,42,193,123,45,47,758,289,267,127
32003005007,140,32,003,29820,332,,,Census Tract 50.07,2517,1296,333,214,2517,333,1518,304,248,2,12,0,380,11,23,0,217,8,119,8
32003005010,140,32,003,29820,332,,,Census Tract 50.10,4962,2338,3338,1526,4962,3338,2692,2361,744,321,41,51,228,97,43,7,896,345,318,156
32003005011,140,32,003,29820,332,,,Census Tract 50.11,3527,1188,3122,1055,3527,3122,2049,2179,196,185,46,17,124,125,25,15,906,460,181,141
32003005012,140,32,003,29820,332,,,Census Tract 50.12,2858,1124,2886,1076,2858,2886,1876,2062,174,163,25,22,230,176,13,9,404,318,136,136
32003005013,140,32,003,29820,332,,,Census Tract 50.13,3616,1334,1130,417,3616,1130,1532,852,386,68,25,8,733,81,40,8,683,62,217,48
32003005014,140,32,003,29820,332,,,Census Tract 50.14,5255,2553,1562,804,5255,1562,2851,1096,520,111,31,12,731,103,30,16,811,141,281,80
32003005015,140,32,003,29820,332,,,Census Tract 50.15,3977,1753,1182,552,3977,1182,1959,830,402,84,18,9,1024,78,27,12,358,106,189,61
32003005016,140,32,003,29820,332,,,Census Tract 50.16,5118,2199,2006,988,5118,2006,3089,1643,423,89,37,37,562,57,42,4,744,95,221,79
32003005017,140,32,003,29820,332,,,Census Tract 50.17,4392,1783,1722,801,4392,1722,1943,1409,667,77,26,31,629,48,37,3,780,82,310,68
32003005101,140,32,003,29820,332,,,Census Tract 51.01,7647,3272,6663,2648,7647,6663,4922,5116,707,398,32,48,675,525,95,50,705,219,511,307
32003005102,140,32,003,29820,332,,,Census Tract 51.02,4678,2058,5364,2064,4678,5364,3488,4314,360,341,35,47,249,166,37,21,249,217,260,258
32003005103,140,32,003,29820,332,,,Census Tract 51.03,5017,2485,4764,2383,5017,4764,3506,3898,438,280,34,35,269,131,54,32,404,181,312,207
32003005104,140,32,003,29820,332,,,Census Tract 51.04,3182,1453,3261,1491,3182,3261,2548,2803,135,103,19,10,175,121,26,14,145,79,134,131
32003005105,140,32,003,29820,332,,,Census Tract 51.05,8423,3513,2203,782,8423,2203,5287,1825,858,72,75,17,827,67,60,9,802,138,514,75
32003005106,140,32,003,29820,332,,,Census Tract 51.06,2956,1266,3036,1266,2956,3036,2179,2541,238,135,36,17,118,115,20,13,207,86,158,129
32003005107,140,32,003,29820,332,,,Census Tract 51.07,4245,1689,4095,1444,4245,4095,3413,3479,155,139,20,30,206,190,30,25,238,89,183,143
32003005108,140,32,003,29820,332,,,Census Tract 51.08,3293,1714,3018,1256,3293,3018,2443,2541,207,110,22,16,297,176,24,4,142,77,158,94
32003005109,140,32,003,29820,332,,,Census Tract 51.09,7123,2948,5874,2307,7123,5874,5203,4539,375,281,44,22,626,466,27,36,404,266,444,264
32003005200,140,32,003,29820,332,,,Census Tract 52,3908,1729,4121,1608,3908,4121,3199,3604,163,88,54,60,69,53,14,17,242,185,167,114
32003005311,140,32,003,29820,332,,,Census Tract 53.11,2681,1047,2493,945,2681,2493,1774,1949,273,104,21,21,285,204,45,6,160,105,123,104
32003005313,140,32,003,29820,332,,,Census Tract 53.13,6329,2421,6013,2207,6329,6013,4831,4997,313,205,32,22,465,389,36,29,303,132,349,239
32003005314,140,32,003,29820,332,,,Census Tract 53.14,2672,1075,2931,1075,2672,2931,2185,2587,96,79,8,5,167,103,11,15,108,34,97,108
32003005315,140,32,003,29820,332,,,Census Tract 53.15,5059,2368,3984,1574,5059,3984,3931,3505,301,125,24,26,338,115,22,11,197,59,246,143
32003005316,140,32,003,29820,332,,,Census Tract 53.16,4092,1749,4401,1759,4092,4401,3053,3753,276,143,24,28,268,197,35,20,211,114,225,146
32003005317,140,32,003,29820,332,,,Census Tract 53.17,5035,2628,5514,2580,5035,5514,3971,4603,276,226,16,25,427,313,26,12,116,138,203,197
32003005318,140,32,003,29820,332,,,Census Tract 53.18,3199,1387,3118,1350,3199,3118,2442,2666,192,131,14,5,263,188,19,9,111,43,158,76
32003005319,140,32,003,29820,332,,,Census Tract 53.19,2636,1118,2894,1084,2636,2894,2024,2390,171,117,7,13,179,176,24,3,114,88,117,107
32003005320,140,32,003,29820,332,,,Census Tract 53.20,2754,1228,2972,1234,2754,2972,2166,2524,153,128,17,29,112,124,21,8,153,73,132,86
32003005321,140,32,003,29820,332,,,Census Tract 53.21,3568,1389,3744,1389,3568,3744,2874,3240,129,111,13,17,222,195,19,14,146,44,165,123
32003005322,140,32,003,29820,332,,,Census Tract 53.22,1319,530,1361,489,1319,1361,1080,1173,47,50,6,1,77,59,4,5,54,36,51,37
32003005333,140,32,003,29820,332,,,Census Tract 53.33,2504,1083,2607,1078,2504,2607,2082,2254,78,76,10,14,173,146,18,2,42,37,101,78
32003005335,140,32,003,29820,332,,,Census Tract 53.35,4704,1801,4721,1659,4704,4721,4121,4317,94,54,49,49,139,75,13,12,183,99,105,115
32003005336,140,32,003,29820,332,,,Census Tract 53.36,4007,1786,3516,1576,4007,3516,3113,3064,204,136,56,41,98,38,18,37,304,85,214,115
32003005338,140,32,003,29820,332,,,Census Tract 53.38,1971,1305,2094,1277,1971,2094,1860,1994,34,37,3,1,52,41,2,3,8,2,12,16
32003005341,140,32,003,29820,332,,,Census Tract 53.41,2357,856,2492,855,2357,2492,1999,2205,55,58,22,13,64,60,7,5,109,80,101,71
32003005343,140,32,003,29820,332,,,Census Tract 53.43,4170,1592,2507,847,4170,2507,3384,2279,121,73,34,20,232,33,24,11,172,47,203,44
32003005346,140,32,003,29820,332,,,Census Tract 53.46,4186,2089,1363,718,4186,1363,2756,1162,268,50,20,3,628,77,22,4,263,21,229,44
32003005347,140,32,003,29820,332,,,Census Tract 53.47,5009,2383,1536,762,5009,1536,3785,1311,257,56,29,3,531,86,23,4,140,23,244,49
32003005348,140,32,003,29820,332,,,Census Tract 53.48,4607,1783,1501,613,4607,1501,3509,1279,193,55,19,3,541,85,19,4,108,23,218,48
32003005349,140,32,003,29820,332,,,Census Tract 53.49,4130,1836,2142,853,4130,2142,3003,1788,231,71,29,11,481,133,23,7,111,44,252,85
32003005350,140,32,003,29820,332,,,Census Tract 53.50,3297,1590,1710,739,3297,1710,2635,1428,121,56,8,8,285,106,10,6,67,35,171,68
32003005352,140,32,003,29820,332,,,Census Tract 53.52,3145,1163,1235,505,3145,1235,2460,1041,105,41,14,4,302,58,28,7,59,36,177,45
32003005353,140,32,003,29820,332,,,Census Tract 53.53,3815,1563,1498,679,3815,1498,2788,1263,232,49,29,5,352,71,37,9,174,43,203,55
32003005354,140,32,003,29820,332,,,Census Tract 53.54,5062,2238,1988,973,5062,1988,3659,1676,384,66,54,7,366,94,19,12,286,58,294,73
32003005355,140,32,003,29820,332,,,Census Tract 53.55,4919,2401,1615,995,4919,1615,4015,1387,193,59,15,8,405,60,29,4,73,32,189,62
32003005356,140,32,003,29820,332,,,Census Tract 53.56,2342,983,773,410,2342,773,1806,664,105,28,3,4,230,28,12,2,80,15,106,29
32003005357,140,32,003,29820,332,,,Census Tract 53.57,6211,2745,2038,1141,6211,2038,4883,1750,206,75,21,10,550,76,47,6,249,40,255,78
32003005358,140,32,003,29820,332,,,Census Tract 53.58,3021,944,900,356,3021,900,2407,775,93,32,13,4,226,33,16,2,114,18,152,34
32003005359,140,32,003,29820,332,,,Census Tract 53.59,6977,2337,2993,942,6977,2993,5834,2692,180,64,27,20,311,64,16,1,254,59,355,91
32003005360,140,32,003,29820,332,,,Census Tract 53.60,4111,1727,1764,697,4111,1764,3461,1587,186,38,32,11,91,37,10,0,130,34,201,53
32003005421,140,32,003,29820,332,,,Census Tract 54.21,3370,1300,3478,1273,3370,3478,2391,2826,371,283,48,62,56,29,38,14,292,141,174,123
32003005422,140,32,003,29820,332,,,Census Tract 54.22,4144,1525,4547,1564,4144,4547,2926,3743,269,161,56,55,103,24,21,14,517,396,252,154
32003005423,140,32,003,29820,332,,,Census Tract 54.23,4354,1813,4340,1715,4354,4340,3047,3482,389,291,33,41,138,88,23,24,498,224,226,190
32003005434,140,32,003,29820,332,,,Census Tract 54.34,4809,1700,2580,838,4809,2580,3892,2242,166,65,33,23,269,67,34,8,195,98,220,74
32003005435,140,32,003,29820,332,,,Census Tract 54.35,3415,1399,1895,711,3415,1895,2879,1652,140,46,41,17,110,48,30,6,105,71,110,54
32003005436,140,32,003,29820,332,,,Census Tract 54.36,7266,3227,3452,1246,7266,3452,4941,2922,547,122,56,31,686,141,43,16,571,103,422,114
32003005437,140,32,003,29820,332,,,Census Tract 54.37,2981,2345,1415,904,2981,1415,2561,1197,104,50,19,12,174,57,2,6,51,42,70,46
32003005438,140,32,003,29820,332,,,Census Tract 54.38,2599,1119,2832,1107,2599,2832,1778,2236,304,172,38,30,65,48,18,23,226,208,170,112
32003005501,140,32,003,29820,332,,,Census Tract 55.01,4259,2512,4365,2449,4259,4365,3965,4167,58,46,34,29,56,29,3,8,63,38,80,48
32003005502,140,32,003,29820,332,,,Census Tract 55.02,4311,1898,4091,1706,4311,4091,4033,3864,16,20,36,32,51,35,18,6,51,60,106,74
32003005503,140,32,003,29820,332,,,Census Tract 55.03,3054,1554,3043,1499,3054,3043,2773,2849,16,15,32,24,24,22,5,4,68,53,136,76
32003005504,140,32,003,29820,332,,,Census Tract 55.04,3394,1444,3467,1325,3394,3467,3092,3269,40,26,23,23,38,21,14,6,60,39,127,83
32003005607,140,32,003,29820,332,,,Census Tract 56.07,3762,1717,3354,1308,3762,3354,2834,2506,28,25,52,50,64,41,10,3,674,638,100,91
32003005612,140,32,003,29820,332,,,Census Tract 56.12,1488,820,1536,836,1488,1536,1356,1393,3,4,13,14,4,1,5,13,64,92,43,19
32003005614,140,32,003,29820,332,,,Census Tract 56.14,1845,973,1075,401,1845,1075,1316,738,35,6,22,14,41,22,4,0,389,268,38,23
32003005615,140,32,003,29820,332,,,Census Tract 56.15,1645,1019,958,420,1645,958,1439,658,11,5,14,13,33,20,1,0,117,239,30,21
32003005702,140,32,003,29820,332,,,Census Tract 57.02,3226,2240,3919,2343,3226,3919,2782,3532,91,135,35,15,60,61,19,2,109,81,130,92
32003005704,140,32,003,29820,332,,,Census Tract 57.04,2114,1402,1989,1097,2114,1989,1740,1675,89,46,24,22,41,88,5,11,125,93,90,54
32003005705,140,32,003,29820,332,,,Census Tract 57.05,2206,1528,1186,719,2206,1186,1907,1108,47,17,27,9,60,13,5,0,94,19,66,16
32003005712,140,32,003,29820,332,,,Census Tract 57.12,7701,3700,769,387,7701,769,5694,697,355,13,43,3,1049,27,26,1,150,13,384,13
32003005713,140,32,003,29820,332,,,Census Tract 57.13,4880,2473,446,231,4880,446,3823,408,167,6,21,1,561,14,16,0,99,7,193,7
32003005714,140,32,003,29820,332,,,Census Tract 57.14,5946,3697,727,461,5946,727,5196,648,173,16,15,2,459,29,4,1,26,12,73,15
32003005715,140,32,003,29820,332,,,Census Tract 57.15,4291,1971,392,185,4291,392,3534,358,86,5,7,1,437,12,4,0,75,6,148,6
32003005803,140,32,003,29820,332,,,Census Tract 58.03,4637,2184,4603,2049,4637,4603,3248,3648,341,214,31,20,524,438,24,26,195,90,274,167
32003005804,140,32,003,29820,332,,,Census Tract 58.04,4742,2345,4770,2333,4742,4770,3366,3774,380,285,13,20,576,376,18,20,196,142,193,153
32003005805,140,32,003,29820,332,,,Census Tract 58.05,2961,1566,3453,1544,2961,3453,2309,2973,188,135,14,13,234,155,14,7,83,70,119,100
32003005806,140,32,003,29820,332,,,Census Tract 58.06,4039,1963,4334,1955,4039,4334,2976,3461,323,332,29,10,334,244,16,9,184,79,177,199
32003005807,140,32,003,29820,332,,,Census Tract 58.07,4275,1798,4589,1794,4275,4589,3085,3707,449,271,17,22,295,267,21,25,216,124,192,173
32003005808,140,32,003,29820,332,,,Census Tract 58.08,3385,1636,3446,1631,3385,3446,2521,2902,236,191,29,18,256,146,12,18,151,76,180,95
32003005811,140,32,003,29820,332,,,Census Tract 58.11,8046,3235,6784,2710,8046,6784,4897,4851,773,336,29,36,1431,1025,63,22,497,237,356,273
32003005813,140,32,003,29820,332,,,Census Tract 58.13,4019,2160,3109,1576,4019,3109,2270,2079,459,210,9,8,783,427,57,10,237,179,204,193
32003005818,140,32,003,29820,332,,,Census Tract 58.18,990,559,3017,616,990,3017,853,2139,17,686,15,40,18,52,7,12,33,54,47,34
32003005822,140,32,003,29820,332,,,Census Tract 58.22,5191,1961,44,22,5191,44,3590,42,216,0,23,0,892,0,18,0,202,0,250,1
32003005823,140,32,003,29820,332,,,Census Tract 58.23,3475,1468,29,16,3475,29,2479,28,191,0,8,0,465,0,16,0,101,0,215,1
32003005824,140,32,003,29820,332,,,Census Tract 58.24,3673,1573,31,17,3673,31,2753,30,150,0,17,0,454,0,16,0,96,0,187,1
32003005825,140,32,003,29820,332,,,Census Tract 58.25,5606,2985,4523,2230,5606,4523,3557,3255,624,323,18,20,725,551,31,16,340,174,311,182
32003005826,140,32,003,29820,332,,,Census Tract 58.26,3845,1638,3102,1223,3845,3102,2295,2232,351,221,15,13,755,378,43,10,205,120,181,124
32003005827,140,32,003,29820,332,,,Census Tract 58.27,6125,2652,412,184,6125,412,4052,381,257,5,36,1,1056,4,35,0,362,8,327,9
32003005828,140,32,003,29820,332,,,Census Tract 58.28,6704,2651,451,184,6704,451,3884,417,371,5,19,2,1467,4,49,0,443,9,471,10
32003005832,140,32,003,29820,332,,,Census Tract 58.32,2916,1083,196,75,2916,196,1665,181,144,2,27,0,638,2,24,0,192,4,226,4
32003005834,140,32,003,29820,332,,,Census Tract 58.34,3113,1174,209,81,3113,209,1939,193,265,2,8,0,465,2,34,0,210,4,192,4
32003005835,140,32,003,29820,332,,,Census Tract 58.35,3769,1404,253,97,3769,253,2406,234,274,3,16,1,717,2,18,0,130,5,208,5
32003005836,140,32,003,29820,332,,,Census Tract 58.36,3692,1540,248,107,3692,248,2357,230,299,3,27,1,368,2,42,0,312,5,287,5
32003005837,140,32,003,29820,332,,,Census Tract 58.37,4004,1551,269,107,4004,269,2602,249,281,3,6,1,628,2,12,0,224,5,251,6
32003005838,140,32,003,29820,332,,,Census Tract 58.38,5581,2152,375,149,5581,375,3351,347,393,4,26,1,939,3,33,0,469,7,370,8
32003005839,140,32,003,29820,332,,,Census Tract 58.39,3723,1551,250,107,3723,250,2510,231,228,3,6,1,557,2,38,0,174,5,210,5
32003005840,140,32,003,29820,332,,,Census Tract 58.40,8528,3522,1011,431,8528,1011,4796,797,662,40,31,5,1742,101,60,4,625,29,612,31
32003005841,140,32,003,29820,332,,,Census Tract 58.41,4153,1928,492,236,4153,492,3269,388,108,19,7,2,562,49,18,2,38,14,151,15
32003005842,140,32,003,29820,332,,,Census Tract 58.42,1792,780,212,95,1792,212,1496,167,42,8,8,1,182,21,2,0,21,6,41,6
32003005843,140,32,003,29820,332,,,Census Tract 58.43,2732,1340,324,164,2732,324,1900,255,189,12,4,1,427,32,15,1,54,9,143,10
32003005844,140,32,003,29820,332,,,Census Tract 58.44,6462,2917,766,357,6462,766,4796,604,363,30,42,4,774,77,26,3,163,22,298,23
32003005845,140,32,003,29820,332,,,Census Tract 58.45,4192,1881,553,252,4192,553,3149,431,198,22,24,3,496,59,13,2,99,16,213,17
32003005846,140,32,003,29820,332,,,Census Tract 58.46,4572,2627,524,312,4572,524,3607,410,170,20,11,2,624,54,12,2,60,16,88,17
32003005847,140,32,003,29820,332,,,Census Tract 58.47,1675,905,175,96,1675,175,1055,133,145,6,8,0,294,19,26,0,74,6,73,6
32003005848,140,32,003,29820,332,,,Census Tract 58.48,4191,1929,367,189,4191,367,2500,265,571,14,22,1,567,48,54,1,241,16,236,19
32003005850,140,32,003,29820,332,,,Census Tract 58.50,4050,1387,354,136,4050,354,2036,256,257,14,17,1,1293,47,25,1,190,15,232,18
32003005851,140,32,003,29820,332,,,Census Tract 58.51,5444,2382,477,233,5444,477,3125,344,491,18,24,2,1195,63,49,1,270,20,290,25
32003005852,140,32,003,29820,332,,,Census Tract 58.52,4469,1948,391,191,4469,391,2643,282,292,15,27,1,995,52,47,1,190,17,275,20
32003005853,140,32,003,29820,332,,,Census Tract 58.53,7757,3139,679,308,7757,679,4238,490,818,27,42,3,1384,90,78,2,569,29,628,36
32003005854,140,32,003,29820,332,,,Census Tract 58.54,7988,4222,700,414,7988,700,4763,505,757,27,40,3,1271,93,68,2,600,30,489,37
32003005855,140,32,003,29820,332,,,Census Tract 58.55,5480,2437,480,239,5480,480,3018,346,324,19,35,2,1444,63,57,1,260,20,342,25
32003005903,140,32,003,29820,332,,,Census Tract 59.03,2151,1452,803,551,2151,803,1938,758,30,2,27,2,48,5,4,0,66,24,38,10
32003005904,140,32,003,29820,332,,,Census Tract 59.04,1738,1293,649,491,1738,649,1656,613,4,2,3,1,32,4,1,0,24,19,18,8
32003005905,140,32,003,29820,332,,,Census Tract 59.05,2484,1819,928,691,2484,928,2234,876,24,3,19,2,28,6,7,0,127,28,45,11
32003006103,140,32,003,29820,332,,,Census Tract 61.03,2913,1474,2559,1167,2913,2559,1599,1904,433,267,62,36,123,89,21,8,514,124,161,131
32003006104,140,32,003,29820,332,,,Census Tract 61.04,3399,1225,1116,381,3399,1116,1910,896,201,57,31,7,492,85,5,5,599,24,161,39
32003006201,140,32,003,29820,332,,,Census Tract 62.01,4074,1546,2963,1015,4074,2963,2159,2315,716,328,52,63,107,45,8,8,808,117,224,87
32003006202,140,32,003,29820,332,,,Census Tract 62.02,3771,1349,3281,1234,3771,3281,2292,2457,283,224,46,24,181,195,18,2,813,186,138,193
32003006203,140,32,003,29820,332,,,Census Tract 62.03,2740,949,2555,874,2740,2555,1645,1867,234,214,24,47,114,106,12,4,561,198,150,119
32003006204,140,32,003,29820,332,,,Census Tract 62.04,4690,1570,3336,1112,4690,3336,2153,2240,571,392,34,35,279,225,26,24,1284,226,343,191
32003006700,140,32,003,29820,332,,,Census Tract 67,719,7580,1731,1258,719,1731,508,1143,63,164,1,8,85,171,1,8,34,146,27,87
32003006800,140,32,003,29820,332,,,Census Tract 68,4543,2041,5655,2294,4543,5655,2207,3122,501,426,36,43,331,438,43,44,1172,1248,253,334
32003006900,140,32,003,29820,332,,,Census Tract 69,1645,872,1273,556,1645,1273,1261,1184,75,22,10,8,139,35,8,1,91,13,61,10
32003007100,140,32,003,29820,332,,,Census Tract 71,3130,1000,3251,1056,3130,3251,1345,2256,128,238,30,47,40,50,6,20,1419,480,162,160
32003007200,140,32,003,29820,332,,,Census Tract 72,4348,1901,4191,1620,4348,4191,2237,2853,616,532,31,17,153,165,36,23,991,381,284,218
32003007500,140,32,003,29820,332,,,Census Tract 75,6314,1105,1340,1059,6314,1340,3537,1200,1987,25,151,47,155,18,7,3,326,10,151,37
32003007600,140,32,003,29820,332,,,Census Tract 76,4247,1486,3641,1188,4247,3641,3663,3051,31,31,36,17,43,42,27,10,331,370,116,119
32003007800,140,32,003,29820,332,,,Census Tract 78,2757,933,3975,957,2757,3975,1848,2699,405,588,18,54,95,199,47,30,131,200,213,203
32005001000,140,32,005,23820,472,,,Census Tract 10,2748,1103,2425,857,2748,2425,2465,2254,12,8,51,38,19,22,4,2,82,37,115,61
32005001100,140,32,005,23820,472,,,Census Tract 11,5398,2165,5546,2032,5398,5546,4713,4838,25,11,97,322,73,50,12,12,228,149,250,161
32005001200,140,32,005,23820,472,,,Census Tract 12,2970,1399,2601,1077,2970,2601,2659,2425,16,9,50,35,31,23,5,2,105,38,104,64
32005001300,140,32,005,23820,472,,,Census Tract 13,1725,849,1395,599,1725,1395,1658,1295,6,4,9,14,9,10,1,0,20,42,22,27
32005001400,140,32,005,23820,472,,,Census Tract 14,2975,1463,2505,1101,2975,2505,2743,2298,8,6,24,24,49,29,0,2,85,99,66,44
32005001500,140,32,005,23820,472,,,Census Tract 15,5656,2687,4301,1921,5656,4301,5031,3980,21,10,85,37,115,47,13,3,240,142,151,80
32005001600,140,32,005,23820,472,,,Census Tract 16,1591,1721,1909,1686,1591,1909,1492,1813,2,2,6,8,45,38,1,2,20,12,25,34
32005001700,140,32,005,23820,472,,,Census Tract 17,1601,1236,2169,1328,1601,2169,1337,1786,20,22,11,16,76,115,2,5,99,172,56,53
32005001800,140,32,005,23820,472,,,Census Tract 18,2152,1867,2616,1919,2152,2616,1958,2444,9,12,12,16,44,56,7,6,56,41,66,41
32005002000,140,32,005,23820,472,,,Census Tract 20,3354,1371,2700,963,3354,2700,2829,2506,28,8,75,27,57,21,1,1,231,85,133,51
32005002100,140,32,005,23820,472,,,Census Tract 21,1962,862,1580,606,1962,1580,1752,1466,8,4,27,15,60,12,6,0,50,49,59,30
32005002200,140,32,005,23820,472,,,Census Tract 22,6657,2723,4813,1823,6657,4813,6238,4576,20,7,49,38,80,43,2,4,107,34,161,108
32005002300,140,32,005,23820,472,,,Census Tract 23,3615,1589,2496,987,3615,2496,3397,2354,13,7,34,22,34,21,3,2,49,30,85,58
32005002400,140,32,005,23820,472,,,Census Tract 24,1553,720,1462,601,1553,1462,1071,1337,9,4,329,37,4,10,2,4,68,32,70,34
32005990000,140,32,005,23820,472,,,Census Tract 9900,0,0,0,0,0,0,0,0,0,0,0,0,0,0,0,0,0,0,0,0
32007950200,140,32,007,21220,999,,,Census Tract 9502,2027,1010,2075,1024,2027,2075,1629,1698,37,53,112,117,8,7,0,4,162,142,79,54
32007950702,140,32,007,21220,999,,,Census Tract 9507.02,5411,2013,4604,1763,5411,4604,4127,3788,25,13,742,394,41,47,0,4,296,182,180,174
32007950900,140,32,007,21220,999,,,Census Tract 9509,2343,1082,2250,1080,2343,2250,2012,2008,18,11,54,38,13,25,8,0,143,109,95,59
32007951202,140,32,007,21220,999,,,Census Tract 9512.02,3622,1430,3107,1263,3622,3107,2667,2705,27,8,181,102,16,10,3,5,620,201,108,72
32007951300,140,32,007,21220,999,,,Census Tract 9513,2867,1084,2617,1075,2867,2617,1986,1875,18,10,81,43,35,21,2,6,607,569,138,93
32007951401,140,32,007,21220,999,,,Census Tract 9514.01,4238,1573,3750,1392,4238,3750,3613,3413,11,7,83,60,31,13,1,6,399,162,100,85
32007951500,140,32,007,21220,999,,,Census Tract 9515,4782,1790,5236,1996,4782,5236,2990,3817,29,36,88,113,65,30,32,2,1384,1099,194,139
32007951600,140,32,007,21220,999,,,Census Tract 9516,2396,1057,2347,1040,2396,2347,2197,2117,43,43,36,40,15,13,0,1,62,92,43,41
32007951700,140,32,007,21220,999,,,Census Tract 9517,2669,1560,2810,1462,2669,2810,1233,1499,19,37,889,822,6,8,4,2,448,354,70,88
32011000100,140,32,011,21220,999,,,Census Tract 1,1987,1076,1651,1025,1987,1651,1775,1474,2,7,47,26,18,13,0,1,101,72,44,58
32013010500,140,32,013,99999,999,,,Census Tract 105,6116,2768,6154,2685,6116,6154,4865,4934,50,50,440,436,41,38,9,9,559,495,152,192
32013010600,140,32,013,99999,999,,,Census Tract 106,2278,1065,2290,1091,2278,2290,1795,2013,5,4,84,38,15,14,1,1,309,184,69,36
32013010701,140,32,013,99999,999,,,Census Tract 107.01,4588,1983,4322,1915,4588,4322,3433,3640,31,15,123,97,37,22,3,0,800,392,161,152
32013010702,140,32,013,99999,999,,,Census Tract 107.02,3546,1307,3339,1262,3546,3339,2960,2813,1,12,45,75,27,17,6,0,427,303,80,117
32015000300,140,32,015,99999,999,,,Census Tract 3,5775,2575,5794,2780,5775,5794,4853,4891,20,12,242,231,21,20,1,2,496,502,142,136
32017950100,140,32,017,99999,999,,,Census Tract 9501,2684,1511,1865,1090,2684,1865,2496,1734,75,51,27,21,19,4,3,0,29,31,35,24
32017950200,140,32,017,99999,999,,,Census Tract 9502,2661,1219,2300,1088,2661,2300,2375,2077,46,23,34,52,21,10,12,1,87,81,86,56
32019960101,140,32,019,22280,456,,,Census Tract 9601.01,10653,4243,4693,1824,10653,4693,9213,4231,123,21,146,71,234,31,20,9,453,168,464,159
32019960102,140,32,019,22280,456,,,Census Tract 9601.02,7143,3052,3146,1312,7143,3146,5960,2837,66,14,150,47,153,21,40,6,405,112,369,107
32019960103,140,32,019,22280,456,,,Census Tract 9601.03,1716,735,755,315,1716,755,1318,681,13,3,47,11,9,5,9,1,261,27,59,25
32019960201,140,32,019,22280,456,,,Census Tract 9602.01,4221,1932,3697,1528,4221,3697,3798,3376,10,34,93,70,38,17,3,8,139,56,140,133
32019960202,140,32,019,22280,456,,,Census Tract 9602.02,3415,1576,2991,1246,3415,2991,3034,2731,12,27,69,57,29,13,13,7,90,45,168,108
32019960301,140,32,019,22280,456,,,Census Tract 9603.01,1769,777,1121,459,1769,1121,1501,1014,7,5,37,13,10,10,0,1,164,47,50,28
32019960302,140,32,019,22280,456,,,Census Tract 9603.02,9521,3795,6034,2245,9521,6034,8259,5460,55,27,139,74,121,55,27,6,609,254,311,155
32019960303,140,32,019,22280,456,,,Census Tract 9603.03,3986,1840,2526,1088,3986,2526,3526,2285,30,11,56,31,77,23,8,2,154,106,135,64
32019960800,140,32,019,22280,456,,,Census Tract 9608,4088,2040,4006,1843,4088,4006,3409,3447,20,18,70,50,25,12,5,3,459,397,100,79
32021970700,140,32,021,99999,999,,,Census Tract 9707,3435,1948,3533,1991,3435,3533,2829,2994,189,217,115,95,49,40,6,4,93,108,154,75
32023960100,140,32,023,37220,332,,,Census Tract 9601,2330,1371,2578,1307,2330,2578,1873,2115,6,2,265,247,16,8,1,2,88,75,81,129
32023960200,140,32,023,37220,332,,,Census Tract 9602,2545,1636,2822,1613,2545,2822,2288,2546,72,56,21,39,14,13,7,8,70,74,73,86
32023960300,140,32,023,37220,332,,,Census Tract 9603,2488,1425,2349,1293,2488,2349,2076,1945,12,2,21,28,22,22,1,1,278,257,78,94
32023960401,140,32,023,37220,332,,,Census Tract 9604.01,6158,2973,3893,1909,6158,3893,5263,3568,134,47,71,65,84,31,32,11,341,81,233,90
32023960402,140,32,023,37220,332,,,Census Tract 9604.02,5192,2756,4224,2010,5192,4224,4473,3846,60,14,66,78,67,22,27,20,317,109,182,135
32023960403,140,32,023,37220,332,,,Census Tract 9604.03,5405,2607,4355,2054,5405,4355,4587,3973,126,72,66,42,58,32,23,10,360,106,185,120
32023960404,140,32,023,37220,332,,,Census Tract 9604.04,7522,3772,4401,2148,7522,4401,6506,4033,205,58,63,36,110,60,54,24,270,74,314,116
32023960405,140,32,023,37220,332,,,Census Tract 9604.05,3929,1868,3338,1597,3929,3338,3414,3051,63,51,40,51,47,24,27,14,196,68,142,79
32023960406,140,32,023,37220,332,,,Census Tract 9604.06,8377,3942,8402,3650,8377,8402,7275,7629,196,131,90,68,154,81,39,23,353,206,270,264
32023980500,140,32,023,37220,332,,,Census Tract 9805,0,0,0,0,0,0,0,0,0,0,0,0,0,0,0,0,0,0,0,0
32027960100,140,32,027,99999,999,,,Census Tract 9601,6753,2464,6693,2389,6753,6693,5528,5200,253,358,217,229,87,42,7,15,455,628,206,221
32029970200,140,32,029,39900,456,,,Census Tract 9702,4010,1990,3399,1596,4010,3399,3693,3161,40,10,64,49,66,34,15,5,45,57,87,83
32031000102,140,32,031,39900,456,,,Census Tract 1.02,3945,2559,3056,1648,3945,3056,2864,2284,282,148,107,48,242,272,25,16,278,170,147,114
32031000201,140,32,031,39900,456,,,Census Tract 2.01,3270,1347,3568,1289,3270,3568,1873,2370,96,112,39,58,164,125,21,14,902,726,175,160
32031000300,140,32,031,39900,456,,,Census Tract 3,3598,2349,3743,2217,3598,3743,3043,3193,77,68,52,46,124,124,12,20,159,159,131,133
32031000400,140,32,031,39900,456,,,Census Tract 4,4987,2700,4964,2392,4987,4964,4485,4422,55,91,41,43,139,191,12,24,131,95,124,98
32031000900,140,32,031,39900,456,,,Census Tract 9,4772,1986,5070,2020,4772,5070,2490,2800,151,106,38,75,110,160,25,12,1721,1635,237,282
32031001005,140,32,031,39900,456,,,Census Tract 10.05,3028,1537,3140,1606,3028,3140,2372,2589,100,59,43,23,227,192,7,6,152,163,127,108
32031001008,140,32,031,39900,456,,,Census Tract 10.08,4562,2193,4678,2122,4562,4678,2701,3088,235,173,99,80,182,241,60,44,1029,807,256,242
32031001009,140,32,031,39900,456,,,Census Tract 10.09,2577,1555,2643,1505,2577,2643,1537,1745,48,98,24,45,221,136,20,24,597,455,130,137
32031001010,140,32,031,39900,456,,,Census Tract 10.10,2672,1217,2225,925,2672,2225,2484,2097,12,12,12,9,79,47,5,0,17,12,63,43
32031001011,140,32,031,39900,456,,,Census Tract 10.11,3726,1476,3100,1121,3726,3100,3500,2921,24,17,19,13,92,66,5,1,23,18,63,60
32031001012,140,32,031,39900,456,,,Census Tract 10.12,3376,1327,2248,839,3376,2248,3109,2097,24,8,11,5,99,73,6,3,53,18,74,41
32031001013,140,32,031,39900,456,,,Census Tract 10.13,6206,2510,4140,1589,6206,4140,5627,3862,26,14,29,11,335,135,1,5,55,33,133,76
32031001015,140,32,031,39900,456,,,Census Tract 10.15,4465,2197,4498,2115,4465,4498,4036,4183,47,32,18,22,192,140,15,7,42,36,115,75
32031001103,140,32,031,39900,456,,,Census Tract 11.03,5289,2188,4816,1856,5289,4816,4831,4521,18,18,11,13,256,159,2,6,40,31,131,68
32031001104,140,32,031,39900,456,,,Census Tract 11.04,4237,1942,4439,1915,4237,4439,3921,4182,18,26,22,13,156,132,8,2,49,23,63,61
32031001105,140,32,031,39900,456,,,Census Tract 11.05,3762,1663,3780,1564,3762,3780,3485,3527,22,23,15,9,149,142,1,5,34,13,56,58
32031001201,140,32,031,39900,456,,,Census Tract 12.01,2467,1547,2673,1533,2467,2673,2040,2236,38,59,23,35,153,152,4,10,145,92,64,87
32031001202,140,32,031,39900,456,,,Census Tract 12.02,4494,2783,4871,2757,4494,4871,3505,4075,135,108,65,63,233,277,52,18,287,168,217,158
32031001300,140,32,031,39900,456,,,Census Tract 13,3738,1621,4130,1688,3738,4130,2875,3443,83,54,64,33,174,232,54,10,327,214,161,144
32031001501,140,32,031,39900,456,,,Census Tract 15.01,4444,1861,3573,1457,4444,3573,3109,2582,119,92,34,67,431,309,13,30,554,361,184,130
32031001502,140,32,031,39900,456,,,Census Tract 15.02,6522,2452,5244,1919,6522,5244,4243,3788,349,134,97,99,646,454,57,44,743,531,387,190
32031001701,140,32,031,39900,456,,,Census Tract 17.01,3128,1371,3157,1236,3128,3157,1607,2063,305,211,63,56,127,215,74,64,742,386,210,159
32031001702,140,32,031,39900,456,,,Census Tract 17.02,4883,2284,4929,2059,4883,4929,2908,3221,231,330,90,88,512,335,83,100,877,603,182,249
32031001802,140,32,031,39900,456,,,Census Tract 18.02,3103,1208,3263,1247,3103,3263,1535,1636,120,269,36,73,187,276,34,96,1010,759,181,152
32031001901,140,32,031,39900,456,,,Census Tract 19.01,4606,2031,4898,2172,4606,4898,2774,3428,160,146,72,66,194,242,64,61,1093,702,249,253
32031001902,140,32,031,39900,456,,,Census Tract 19.02,4782,2371,5065,2237,4782,5065,3307,3737,159,165,103,101,156,212,28,21,852,623,177,206
32031002103,140,32,031,39900,456,,,Census Tract 21.03,2659,1135,1938,826,2659,1938,2248,1770,32,12,23,12,167,60,25,6,106,41,58,33
32031002104,140,32,031,39900,456,,,Census Tract 21.04,3113,1484,2828,1302,3113,2828,2619,2543,54,48,36,21,98,96,13,4,199,52,94,62
32031002105,140,32,031,39900,456,,,Census Tract 21.05,4291,2154,4374,2165,4291,4374,3088,3621,141,101,53,33,281,191,41,15,461,242,226,168
32031002106,140,32,031,39900,456,,,Census Tract 21.06,3316,1254,3424,1270,3316,3424,2511,2824,64,46,50,38,194,229,7,24,379,184,111,76
32031002107,140,32,031,39900,456,,,Census Tract 21.07,1621,739,1512,738,1621,1512,788,701,51,19,420,373,45,60,9,14,265,285,43,56
32031002204,140,32,031,39900,456,,,Census Tract 22.04,4519,2124,4578,2266,4519,4578,2735,3195,141,135,49,62,348,244,22,6,1016,735,208,201
32031002205,140,32,031,39900,456,,,Census Tract 22.05,4818,2446,3269,1776,4818,3269,3713,2749,102,87,74,34,301,96,38,5,360,161,230,133
32031002206,140,32,031,39900,456,,,Census Tract 22.06,6400,2973,2596,1353,6400,2596,4894,2239,142,57,101,22,593,89,50,4,363,98,257,85
32031002207,140,32,031,39900,456,,,Census Tract 22.07,3688,1575,857,387,3688,857,2906,773,39,11,11,4,478,37,5,1,94,14,155,15
32031002208,140,32,031,39900,456,,,Census Tract 22.08,2595,1477,603,363,2595,603,2211,544,30,8,19,2,180,26,15,0,50,10,90,11
32031002209,140,32,031,39900,456,,,Census Tract 22.09,6051,2230,1407,549,6051,1407,4971,1269,72,19,30,6,545,61,9,1,165,23,259,25
32031002210,140,32,031,39900,456,,,Census Tract 22.10,2137,845,496,208,2137,496,1938,448,7,6,9,2,85,21,4,0,30,8,64,9
32031002211,140,32,031,39900,456,,,Census Tract 22.11,3745,1503,4198,1606,3745,4198,2161,2459,63,126,86,92,183,120,44,28,1059,1155,149,213
32031002212,140,32,031,39900,456,,,Census Tract 22.12,4256,1612,4770,1722,4256,4770,2748,2795,137,144,67,105,91,137,18,32,1022,1313,173,243
32031002301,140,32,031,39900,456,,,Census Tract 23.01,4665,2144,2167,882,4665,2167,4177,2069,40,10,18,6,257,30,4,0,53,20,116,29
32031002302,140,32,031,39900,456,,,Census Tract 23.02,2227,1038,1039,429,2227,1039,2061,992,9,4,10,3,60,14,12,0,22,9,53,14
32031002406,140,32,031,39900,456,,,Census Tract 24.06,4798,2080,4396,1861,4798,4396,3848,3617,96,66,65,58,200,257,35,16,352,253,202,129
32031002407,140,32,031,39900,456,,,Census Tract 24.07,3938,1663,2729,1068,3938,2729,2979,2289,81,39,59,16,442,224,24,11,187,58,166,89
32031002408,140,32,031,39900,456,,,Census Tract 24.08,3027,1223,2098,785,3027,2098,2496,1760,41,30,24,12,245,172,18,8,78,45,125,68
32031002410,140,32,031,39900,456,,,Census Tract 24.10,3960,2002,2744,1285,3960,2744,3127,2302,67,39,54,16,317,226,19,11,190,58,186,89
32031002411,140,32,031,39900,456,,,Census Tract 24.11,3737,1626,2589,1044,3737,2589,2831,2172,108,37,63,15,371,213,6,10,189,55,169,84
32031002412,140,32,031,39900,456,,,Census Tract 24.12,2597,887,1993,638,2597,1993,1994,1632,15,37,19,21,363,129,23,7,66,93,117,71
32031002500,140,32,031,39900,456,,,Census Tract 25,5009,2219,4796,2001,5009,4796,4135,4125,117,62,42,49,266,261,30,8,231,142,188,147
32031002603,140,32,031,39900,456,,,Census Tract 26.03,1424,583,1441,554,1424,1441,1327,1381,6,5,22,12,9,9,2,2,18,13,40,19
32031002610,140,32,031,39900,456,,,Census Tract 26.10,5243,1873,3272,1096,5243,3272,3875,2592,128,111,48,72,295,87,39,16,604,265,254,126
32031002611,140,32,031,39900,456,,,Census Tract 26.11,5470,1736,3417,1016,5470,3417,3673,2705,374,116,124,76,253,91,96,17,687,277,263,131
32031002612,140,32,031,39900,456,,,Census Tract 26.12,3793,1565,1835,730,3793,1835,3326,1697,37,21,55,20,59,19,15,2,153,16,148,56
32031002614,140,32,031,39900,456,,,Census Tract 26.14,3498,1445,2047,827,3498,2047,2551,1672,97,34,57,25,165,71,50,5,380,151,198,84
32031002615,140,32,031,39900,456,,,Census Tract 26.15,3442,1305,2014,747,3442,2014,2390,1646,118,34,48,25,235,70,7,5,451,149,193,83
32031002616,140,32,031,39900,456,,,Census Tract 26.16,4275,1559,2501,893,4275,2501,3132,2044,106,42,51,31,169,87,18,6,570,185,229,103
32031002617,140,32,031,39900,456,,,Census Tract 26.17,6461,1932,4437,1362,6461,4437,4701,3899,280,78,125,96,282,51,37,13,741,131,295,165
32031002619,140,32,031,39900,456,,,Census Tract 26.19,5777,2428,4667,1844,5777,4667,4431,3764,167,113,71,80,202,151,30,17,682,353,194,186
32031002703,140,32,031,39900,456,,,Census Tract 27.03,2767,1080,2786,1111,2767,2786,1930,2194,62,89,55,61,54,71,31,13,510,257,125,97
32031002704,140,32,031,39900,456,,,Census Tract 27.04,4716,1695,4739,1739,4716,4739,3049,3736,129,149,105,103,113,121,46,23,1063,438,211,166
32031002705,140,32,031,39900,456,,,Census Tract 27.05,4608,1645,4427,1575,4608,4427,3517,3557,50,72,72,83,70,101,7,27,726,418,166,166
32031002706,140,32,031,39900,456,,,Census Tract 27.06,4928,1657,4735,1587,4928,4735,3442,3805,113,77,111,88,140,108,37,29,907,447,178,178
32031002707,140,32,031,39900,456,,,Census Tract 27.07,4628,1567,4446,1500,4628,4446,3212,3573,52,73,73,83,77,101,43,27,984,420,187,167
32031002801,140,32,031,39900,456,,,Census Tract 28.01,4368,1716,3392,1244,4368,3392,2784,2501,138,134,52,34,399,157,47,30,771,417,177,119
32031002802,140,32,031,39900,456,,,Census Tract 28.02,5258,1892,5161,1898,5258,5161,3384,3481,182,141,61,107,246,307,34,29,1145,881,206,215
32031002901,140,32,031,39900,456,,,Census Tract 29.01,3552,1293,3661,1286,3552,3661,2812,3090,102,71,46,25,98,89,35,4,325,277,134,105
32031002902,140,32,031,39900,456,,,Census Tract 29.02,4356,1520,4264,1509,4356,4264,3071,3305,122,60,39,59,130,156,15,19,836,554,143,111
32031003000,140,32,031,39900,456,,,Census Tract 30,6653,3103,6634,2790,6653,6634,4706,4922,159,77,108,78,286,299,50,28,1019,967,325,263
32031003101,140,32,031,39900,456,,,Census Tract 31.01,4395,2196,3646,1822,4395,3646,3197,2860,136,145,76,65,252,129,45,3,517,297,172,147
32031003105,140,32,031,39900,456,,,Census Tract 31.05,2144,912,2261,876,2144,2261,1734,1898,61,66,17,27,116,127,14,5,112,57,90,78
32031003106,140,32,031,39900,456,,,Census Tract 31.06,7191,2653,7210,2576,7191,7210,5285,5827,193,162,88,58,424,488,64,31,859,399,278,242
32031003108,140,32,031,39900,456,,,Census Tract 31.08,3302,1110,3345,1060,3302,3345,2671,2836,60,46,61,23,138,152,15,19,214,173,143,92
32031003109,140,32,031,39900,456,,,Census Tract 31.09,2911,1304,2106,822,2911,2106,2381,1757,46,46,25,13,302,166,2,3,70,61,85,56
32031003110,140,32,031,39900,456,,,Census Tract 31.10,5098,2178,3763,1409,5098,3763,3991,3133,139,83,63,24,390,294,18,7,307,117,190,102
32031003202,140,32,031,39900,456,,,Census Tract 32.02,5670,2486,5828,2324,5670,5828,5285,5498,29,20,58,62,50,67,20,10,96,68,132,103
32031003203,140,32,031,39900,456,,,Census Tract 32.03,4549,1819,3625,1352,4549,3625,4215,3495,24,12,20,10,126,40,4,1,59,19,101,45
32031003204,140,32,031,39900,456,,,Census Tract 32.04,2522,1134,2006,842,2522,2006,2390,1934,12,6,17,6,30,22,3,1,26,10,44,25
32031003306,140,32,031,39900,456,,,Census Tract 33.06,1730,1357,1812,1262,1730,1812,1354,1578,6,7,6,13,34,33,1,4,298,128,31,46
32031003307,140,32,031,39900,456,,,Census Tract 33.07,1231,1245,1289,1158,1231,1289,1095,1122,7,5,1,9,43,23,0,2,68,91,17,33
32031003308,140,32,031,39900,456,,,Census Tract 33.08,2333,1973,2650,1948,2333,2650,2193,2493,8,13,5,11,34,35,1,2,60,56,32,36
32031003309,140,32,031,39900,456,,,Census Tract 33.09,2546,2614,2892,2582,2546,2892,2270,2720,6,14,6,13,51,39,4,3,146,62,63,39
32031003503,140,32,031,39900,456,,,Census Tract 35.03,4417,1652,3779,1305,4417,3779,3909,3361,57,37,42,51,120,86,4,4,151,134,134,106
32031003504,140,32,031,39900,456,,,Census Tract 35.04,7355,2729,2373,808,7355,2373,6440,2249,124,12,111,27,193,20,23,0,210,25,254,35
32031003507,140,32,031,39900,456,,,Census Tract 35.07,4210,1498,3040,1065,4210,3040,3558,2682,101,49,44,19,251,137,10,2,106,63,140,88
32031003508,140,32,031,39900,456,,,Census Tract 35.08,2714,1031,1108,442,2714,1108,2244,976,39,13,15,6,216,39,6,4,113,28,81,39
32031003509,140,32,031,39900,456,,,Census Tract 35.09,4225,1756,1714,748,4225,1714,3245,1510,106,20,47,9,379,61,20,7,272,43,156,60
32031003510,140,32,031,39900,456,,,Census Tract 35.10,3531,1361,1432,580,3531,1432,2675,1262,78,17,33,7,276,51,20,6,293,36,156,50
32031003511,140,32,031,39900,456,,,Census Tract 35.11,5207,1972,2112,840,5207,2112,4592,1861,83,25,44,11,169,75,15,9,104,54,200,75
32031003513,140,32,031,39900,456,,,Census Tract 35.13,2665,1280,1047,453,2665,1047,2165,940,64,14,39,7,153,49,13,0,133,15,98,20
32031003514,140,32,031,39900,456,,,Census Tract 35.14,2852,1080,893,325,2852,893,2648,841,21,5,28,8,45,10,2,1,51,6,57,21
32031003515,140,32,031,39900,456,,,Census Tract 35.15,6033,2116,1892,639,6033,1892,5012,1780,147,11,65,17,285,22,21,2,278,12,225,44
32031980100,140,32,031,39900,456,,,Census Tract 9801,0,0,0,0,0,0,0,0,0,0,0,0,0,0,0,0,0,0,0,0
32031980200,140,32,031,39900,456,,,Census Tract 9802,0,0,0,0,0,0,0,0,0,0,0,0,0,0,0,0,0,0,0,0
32031980300,140,32,031,39900,456,,,Census Tract 9803,8,2,5,1,8,5,8,4,0,0,0,0,0,0,0,0,0,0,0,0
32031990000,140,32,031,39900,456,,,Census Tract 9900,0,0,0,0,0,0,0,0,0,0,0,0,0,0,0,0,0,0,0,0
32031990100,140,32,031,39900,456,,,Census Tract 9901,0,0,0,0,0,0,0,0,0,0,0,0,0,0,0,0,0,0,0,0
32033970200,140,32,033,99999,999,,,Census Tract 9702,5919,2225,4328,2120,5919,4328,4904,3860,376,66,286,176,69,34,9,13,137,85,138,94
32033970300,140,32,033,99999,999,,,Census Tract 9703,2229,1208,2081,1216,2229,2081,1944,1822,11,5,85,60,23,24,1,5,98,106,67,59
32510000100,140,32,510,16180,999,,,Census Tract 1,3034,1771,3175,1677,3034,3175,2774,2968,17,6,75,63,57,47,2,3,44,32,65,56
32510000200,140,32,510,16180,999,,,Census Tract 2,3526,1763,3376,1618,3526,3376,3141,3128,16,23,48,38,80,75,6,6,160,58,75,48
32510000501,140,32,510,16180,999,,,Census Tract 5.01,6102,2568,5366,2054,6102,5366,4492,4347,46,58,91,108,234,102,13,8,1003,589,223,151
32510000502,140,32,510,16180,999,,,Census Tract 5.02,3140,1816,2761,1452,3140,2761,2489,2237,42,30,45,55,48,52,11,4,381,303,124,77
32510000600,140,32,510,16180,999,,,Census Tract 6,6382,2435,6057,2219,6382,6057,4970,5019,380,410,167,107,217,86,6,13,455,314,187,108
32510000702,140,32,510,16180,999,,,Census Tract 7.02,3469,1463,3498,1424,3469,3498,2864,3158,18,15,36,45,80,104,11,7,364,96,96,71
32510000900,140,32,510,16180,999,,,Census Tract 9,5178,2275,4960,2168,5178,4960,4290,4372,11,12,104,138,29,41,2,1,607,271,135,125
32510001001,140,32,510,16180,999,,,Census Tract 10.01,4387,1624,4173,1467,4387,4173,2782,3206,41,23,126,60,43,69,5,6,1219,710,171,95
32510990000,140,32,510,16180,999,,,Census Tract 9900,0,0,0,0,0,0,0,0,0,0,0,0,0,0,0,0,0,0,0,0
32001950100,140,32,001,21980,999,,,Census Tract 9501,2563,1071,2381,1012,2563,2381,2215,2177,63,18,57,43,40,28,5,3,114,62,69,50
32003000103,140,32,003,29820,332,,,Census Tract 1.03,5645,1965,5470,1950,5645,5470,3181,3591,370,370,41,40,193,158,43,7,1426,954,391,350
32003000401,140,32,003,29820,332,,,Census Tract 4.01,2865,750,2843,701,2865,2843,1600,1560,681,322,93,63,90,100,27,11,231,635,143,149
32003000403,140,32,003,29820,332,,,Census Tract 4.03,2753,1345,2732,1258,2753,2732,1233,1499,356,310,28,61,140,96,16,10,841,611,139,143
32003000521,140,32,003,29820,332,,,Census Tract 5.21,4127,1808,4734,1761,4127,4734,1897,2518,405,270,46,53,145,200,13,12,1442,1460,179,217
32003000525,140,32,003,29820,332,,,Census Tract 5.25,2758,916,3617,1013,2758,3617,1137,1394,321,672,13,20,21,63,18,7,1107,1278,141,179
32003000600,140,32,003,29820,332,,,Census Tract 6,2824,1590,3282,1636,2824,3282,1696,1953,416,385,44,44,128,182,18,18,413,544,109,156
32003000700,140,32,003,29820,332,,,Census Tract 7,5186,1827,4898,2027,5186,4898,2634,3251,1543,1074,83,46,188,152,39,25,498,178,201,172
32003001100,140,32,003,29820,332,,,Census Tract 11,2611,2126,3624,1927,2611,3624,1155,1836,387,297,20,40,374,260,19,12,516,949,140,230
32003001502,140,32,003,29820,332,,,Census Tract 15.02,3852,2226,4425,2505,3852,4425,2813,3241,155,417,39,46,107,171,13,17,601,389,124,141
32003001609,140,32,003,29820,332,,,Census Tract 16.09,4239,1206,4354,1186,4239,4354,2053,2505,325,396,37,37,491,728,33,20,1094,479,206,189
32003001712,140,32,003,29820,332,,,Census Tract 17.12,3847,1908,3715,1836,3847,3715,2717,3174,246,154,17,24,212,120,54,10,430,105,171,128
32003001713,140,32,003,29820,332,,,Census Tract 17.13,2924,1070,2905,1045,2924,2905,2070,2517,84,56,20,43,144,99,13,6,457,106,136,78
32003001803,140,32,003,29820,332,,,Census Tract 18.03,2631,1175,2653,1139,2631,2653,1586,1980,192,161,32,23,171,162,7,22,520,197,123,108
32003002404,140,32,003,29820,332,,,Census Tract 24.04,4804,2520,6283,2977,4804,6283,1964,3487,1073,1033,44,40,152,201,22,71,1249,1092,300,359
32003002505,140,32,003,29820,332,,,Census Tract 25.05,2034,953,2153,907,2034,2153,924,1262,273,205,19,2,260,148,14,7,448,437,96,92
32003002821,140,32,003,29820,332,,,Census Tract 28.21,4589,2385,4148,2012,4589,4148,2885,3113,446,206,38,46,419,261,25,26,528,288,248,208
32003002824,140,32,003,29820,332,,,Census Tract 28.24,1615,664,1685,656,1615,1685,1255,1439,48,53,10,17,86,87,6,6,143,34,67,49
32003002833,140,32,003,29820,332,,,Census Tract 28.33,5256,1977,3169,1180,5256,3169,3395,2296,307,121,36,19,865,395,78,24,283,160,292,154
32003002837,140,32,003,29820,332,,,Census Tract 28.37,5790,2383,4953,1859,5790,4953,4502,4113,191,168,25,22,461,338,73,12,290,113,248,184
32003002838,140,32,003,29820,332,,,Census Tract 28.38,5488,2304,4695,1797,5488,4695,3994,3898,295,160,22,21,509,321,44,11,379,107,245,174
32003002842,140,32,003,29820,332,,,Census Tract 28.42,5890,2184,893,332,5890,893,3039,771,455,16,37,5,1369,50,119,4,434,27,437,18
32003002845,140,32,003,29820,332,,,Census Tract 28.45,4611,1992,516,295,4611,516,2545,367,529,23,30,3,525,65,93,5,498,31,391,19
32003002848,140,32,003,29820,332,,,Census Tract 28.48,3762,1717,3781,1233,3762,3781,2622,2871,219,176,49,21,317,304,51,29,366,198,138,179
32003002915,140,32,003,29820,332,,,Census Tract 29.15,4922,2311,4919,2135,4922,4919,3423,3924,539,355,30,20,412,277,30,49,261,153,227,141
32003002935,140,32,003,29820,332,,,Census Tract 29.35,1529,645,1445,561,1529,1445,928,1129,91,38,17,7,288,146,8,6,147,65,50,54
32003002944,140,32,003,29820,332,,,Census Tract 29.44,2950,1271,2871,1253,2950,2871,1651,1943,261,109,17,7,737,627,9,5,174,100,101,80
32003002950,140,32,003,29820,332,,,Census Tract 29.50,4692,2209,4491,1990,4692,4491,2440,2898,553,284,21,16,1053,824,45,23,384,244,196,202
32003002956,140,32,003,29820,332,,,Census Tract 29.56,2697,3090,2463,1293,2697,2463,1506,1454,524,338,16,15,289,283,19,28,216,204,127,141
32003002967,140,32,003,29820,332,,,Census Tract 29.67,3668,2088,3387,1670,3668,3387,1839,2250,747,264,28,36,484,387,34,27,298,201,238,219
32003002974,140,32,003,29820,332,,,Census Tract 29.74,5014,2293,1616,721,5014,1616,2872,1205,525,79,33,14,779,172,38,7,511,60,256,78
32003002981,140,32,003,29820,332,,,Census Tract 29.81,4119,1747,310,117,4119,310,2095,280,343,5,25,3,1033,5,27,0,371,6,225,9
32003002983,140,32,003,29820,332,,,Census Tract 29.83,2096,859,157,57,2096,157,946,142,254,2,7,1,543,2,11,0,194,3,141,4
32003002985,140,32,003,29820,332,,,Census Tract 29.85,4160,1585,313,106,4160,313,2228,283,439,5,42,3,921,5,37,0,212,6,281,9
32003003003,140,32,003,29820,332,,,Census Tract 30.03,5301,2269,5538,2261,5301,5538,3157,4253,669,489,47,42,387,304,72,60,672,194,297,196
32003003006,140,32,003,29820,332,,,Census Tract 30.06,3397,1165,3548,1164,3397,3548,2367,2748,198,192,21,43,115,111,31,10,480,257,185,187
32003003102,140,32,003,29820,332,,,Census Tract 31.02,5265,1928,5421,2012,5265,5421,3021,3943,431,470,35,47,128,126,38,15,1378,625,234,191
32003003208,140,32,003,29820,332,,,Census Tract 32.08,2899,1047,2302,767,2899,2302,2469,2092,105,73,5,10,144,54,6,8,72,12,98,53
32003003223,140,32,003,29820,332,,,Census Tract 32.23,2972,1560,1450,811,2972,1450,2328,1275,128,44,9,5,349,82,11,1,48,10,99,33
32003003242,140,32,003,29820,332,,,Census Tract 32.42,1792,565,1424,437,1792,1424,1535,1118,83,107,8,4,67,97,6,2,44,40,49,53
32003003243,140,32,003,29820,332,,,Census Tract 32.43,5016,1734,3985,1343,5016,3985,3363,3129,609,300,19,12,564,271,45,8,180,114,236,148
32003003254,140,32,003,29820,332,,,Census Tract 32.54,3371,1467,3480,1415,3371,3480,2440,2775,285,194,29,26,147,185,39,15,277,155,154,128
32003003303,140,32,003,29820,332,,,Census Tract 33.03,4769,1937,4368,1699,4769,4368,3183,3492,633,351,40,31,243,152,9,18,388,166,273,158
32003003306,140,32,003,29820,332,,,Census Tract 33.06,4018,1968,4282,1951,4018,4282,3383,3794,253,168,23,19,127,111,10,18,112,70,110,102
32003003309,140,32,003,29820,332,,,Census Tract 33.09,3898,1512,484,155,3898,484,3082,404,335,35,10,6,140,12,16,1,118,9,197,14
32003003312,140,32,003,29820,332,,,Census Tract 33.12,3919,1183,487,121,3919,487,2910,406,301,35,28,6,227,12,16,1,192,10,245,15
32003003410,140,32,003,29820,332,,,Census Tract 34.10,5019,2120,4218,1640,5019,4218,3816,3469,390,270,27,22,218,174,41,6,277,135,250,142
32003003412,140,32,003,29820,332,,,Census Tract 34.12,4420,1934,4713,1811,4420,4713,3053,3934,450,343,56,24,195,110,4,3,406,147,256,152
32003003415,140,32,003,29820,332,,,Census Tract 34.15,6384,2846,6446,2525,6384,6446,3399,4259,1134,931,53,53,278,274,45,55,1063,469,412,405
32003003416,140,32,003,29820,332,,,Census Tract 34.16,3041,1171,3491,1343,3041,3491,2080,2531,303,479,15,32,174,121,15,12,315,184,139,132
32003003423,140,32,003,29820,332,,,Census Tract 34.23,6220,2468,6055,2154,6220,6055,3300,3917,680,676,52,42,236,196,46,36,1518,912,388,276
32003003429,140,32,003,29820,332,,,Census Tract 34.29,5076,2246,4608,1811,5076,4608,2230,2913,831,693,40,48,174,134,34,10,1438,612,329,195
32003003430,140,32,003,29820,332,,,Census Tract 34.30,2517,1156,2515,1069,2517,2515,864,1031,965,587,10,23,139,93,7,9,421,670,111,99
32003003615,140,32,003,29820,332,,,Census Tract 36.15,2684,1071,2520,983,2684,2520,1290,1649,528,454,16,12,148,157,24,29,500,135,178,84
32003003617,140,32,003,29820,332,,,Census Tract 36.17,1837,561,1677,481,1837,1677,394,352,958,1040,19,5,103,57,11,6,279,146,73,67
32003003618,140,32,003,29820,332,,,Census Tract 36.18,7510,3207,22,9,7510,22,4579,19,983,1,52,0,844,0,87,0,464,0,501,1
32003003620,140,32,003,29820,332,,,Census Tract 36.20,5019,1833,19,7,5019,19,2813,15,897,1,30,0,634,0,15,0,316,0,314,1
32003003625,140,32,003,29820,332,,,Census Tract 36.25,6727,2282,20,6,6727,20,3042,17,1559,1,46,0,577,0,97,0,912,0,494,1
32003003628,140,32,003,29820,332,,,Census Tract 36.28,7841,2903,23,8,7841,23,3512,20,1643,1,50,0,729,0,102,0,1278,0,527,1
32003004707,140,32,003,29820,332,,,Census Tract 47.07,3037,909,2607,816,3037,2607,1109,1708,216,407,19,20,43,54,10,4,1488,330,152,84
32003004907,140,32,003,29820,332,,,Census Tract 49.07,3684,1074,1678,545,3684,1678,2089,1319,322,105,21,16,426,116,17,2,599,56,210,59
32003004915,140,32,003,29820,332,,,Census Tract 49.15,3204,986,2922,892,3204,2922,1855,2057,216,312,16,37,105,131,20,11,874,209,118,165
32003004924,140,32,003,29820,332,,,Census Tract 49.24,3958,1324,3647,1273,3958,3647,2282,2496,336,303,25,41,247,340,12,13,832,278,224,176
32003005005,140,32,003,29820,332,,,Census Tract 50.05,3880,2205,4948,2653,3880,4948,2849,4015,358,546,34,13,101,54,29,4,377,177,132,139
32003005312,140,32,003,29820,332,,,Census Tract 53.12,2755,1125,2517,885,2755,2517,2057,2056,127,77,16,16,239,203,14,27,132,51,170,87
32003005337,140,32,003,29820,332,,,Census Tract 53.37,2975,1240,2554,1020,2975,2554,2392,2255,93,61,5,5,221,142,16,8,111,33,137,50
32003005342,140,32,003,29820,332,,,Census Tract 53.42,3152,1203,3393,1207,3152,3393,2651,2992,74,61,35,32,83,65,15,4,158,120,136,119
32003005351,140,32,003,29820,332,,,Census Tract 53.51,4400,2159,2282,1004,4400,2282,3325,1905,212,75,22,11,352,142,44,8,192,47,253,90
32003005856,140,32,003,29820,332,,,Census Tract 58.56,3264,1458,286,143,3264,286,1647,206,239,11,8,1,1100,38,30,1,98,12,142,15
32003005432,140,32,003,29820,332,,,Census Tract 54.32,5586,2271,4574,1704,5586,4574,4605,4106,235,133,46,32,227,99,28,11,190,68,255,125
32003005433,140,32,003,29820,332,,,Census Tract 54.33,4697,1739,5119,1884,4697,5119,4189,4675,81,57,46,47,90,70,11,1,130,150,150,116
32003005439,140,32,003,29820,332,,,Census Tract 54.39,3864,1601,4212,1585,3864,4212,2660,3324,228,257,54,46,102,71,34,35,533,309,253,167
32003005613,140,32,003,29820,332,,,Census Tract 56.13,4657,2099,4165,1913,4657,4165,4276,3847,14,25,43,22,22,11,15,13,169,169,118,78
32003005703,140,32,003,29820,332,,,Census Tract 57.03,1440,1223,2702,1325,1440,2702,1156,1847,92,367,16,20,85,137,2,5,37,81,52,245
32003005711,140,32,003,29820,332,,,Census Tract 57.11,4348,1619,461,181,4348,461,3382,416,118,8,18,2,472,15,16,0,121,8,221,9
32003005716,140,32,003,29820,332,,,Census Tract 57.16,3585,2430,328,228,3585,328,2750,299,155,4,10,1,572,10,7,0,33,5,58,5
32003005809,140,32,003,29820,332,,,Census Tract 58.09,3905,2067,4247,1934,3905,4247,2621,3211,392,299,13,14,305,276,59,29,299,210,216,208
32003005829,140,32,003,29820,332,,,Census Tract 58.29,6350,2804,427,194,6350,427,3549,395,508,5,26,1,1344,4,79,0,424,8,420,10
32003005830,140,32,003,29820,332,,,Census Tract 58.30,3206,1794,215,124,3206,215,1724,199,195,2,10,1,850,2,32,0,208,4,187,5
32003005831,140,32,003,29820,332,,,Census Tract 58.31,3259,1285,219,89,3259,219,1845,203,180,2,18,1,783,2,10,0,238,4,185,5
32003005833,140,32,003,29820,332,,,Census Tract 58.33,5171,2060,348,143,5171,348,3085,322,370,4,32,1,972,3,33,0,337,7,342,8
32003005849,140,32,003,29820,332,,,Census Tract 58.49,3417,1406,362,161,3417,362,1925,257,423,16,13,1,612,48,34,1,250,16,160,19
32003005902,140,32,003,29820,332,,,Census Tract 59.02,1433,567,1525,570,1433,1525,877,950,5,3,262,182,6,18,2,6,240,329,41,37
32003006001,140,32,003,29820,332,,,Census Tract 60.01,4289,2157,6240,2215,4289,6240,1962,4238,1345,926,64,87,208,316,41,47,435,303,234,319
32005001900,140,32,005,23820,472,,,Census Tract 19,1343,912,1081,641,1343,1081,1260,1003,0,3,8,10,14,8,0,0,34,34,27,20
32005002500,140,32,005,23820,472,,,Census Tract 25,1697,1004,1652,859,1697,1652,1527,1526,4,6,29,25,15,6,7,10,32,45,83,30
32007950701,140,32,007,21220,999,,,Census Tract 9507.01,5342,1909,4546,1672,5342,4546,4482,3740,84,12,103,389,115,47,3,4,376,179,179,171
32007950800,140,32,007,21220,999,,,Census Tract 9508,1599,781,1644,799,1599,1644,1416,1443,14,9,44,35,18,17,1,1,75,93,31,46
32007951000,140,32,007,21220,999,,,Census Tract 9510,1485,667,1533,695,1485,1533,1116,1212,15,7,39,41,28,34,2,1,234,207,51,31
32007951201,140,32,007,21220,999,,,Census Tract 9512.01,4185,1461,3590,1291,4185,3590,3891,3127,15,9,63,119,29,12,6,5,52,232,129,84
32007951402,140,32,007,21220,999,,,Census Tract 9514.02,5852,2149,5179,1901,5852,5179,5413,4714,23,9,79,84,22,19,7,8,164,225,144,118
32009950100,140,32,009,99999,999,,,Census Tract 9501,783,850,971,833,783,971,661,796,0,1,33,50,3,0,0,2,52,74,34,48
32019960900,140,32,019,22280,456,,,Census Tract 9609,5468,2557,5526,2415,5468,5526,4146,4508,81,62,479,415,29,20,5,1,586,369,142,151
32021970800,140,32,021,99999,999,,,Census Tract 9708,1337,882,1538,875,1337,1538,633,753,7,25,627,684,4,1,0,1,8,28,58,46
32031000101,140,32,031,39900,456,,,Census Tract 1.01,3236,3066,2506,1975,3236,2506,2612,1873,160,121,67,40,164,223,24,13,100,140,109,94
32031000202,140,32,031,39900,456,,,Census Tract 2.02,2503,1669,2732,1597,2503,2732,1842,1814,114,85,51,44,105,96,20,11,255,556,116,123
32031000700,140,32,031,39900,456,,,Census Tract 7,5689,2810,6191,2729,5689,6191,3560,4245,185,182,86,78,423,326,83,32,1130,1118,222,210
32031001014,140,32,031,39900,456,,,Census Tract 10.14,2338,1355,2356,1304,2338,2356,2027,2191,32,17,18,11,181,73,7,4,31,18,42,39
32031001101,140,32,031,39900,456,,,Census Tract 11.01,2713,1399,2823,1396,2713,2823,2500,2626,26,18,18,23,56,62,1,7,49,38,63,46
32031001400,140,32,031,39900,456,,,Census Tract 14,3002,1512,2894,1405,3002,2894,2373,2347,82,47,27,33,275,211,16,4,91,156,138,96
32031001801,140,32,031,39900,456,,,Census Tract 18.01,3778,1212,3973,1251,3778,3973,1674,1992,287,327,45,88,259,335,148,116,1192,925,173,186
32031002401,140,32,031,39900,456,,,Census Tract 24.01,3445,1339,3371,1270,3445,3371,2774,2663,41,44,23,22,325,414,32,0,118,120,132,104
32031002409,140,32,031,39900,456,,,Census Tract 24.09,4382,1672,3037,1073,4382,3037,3592,2547,62,43,32,18,422,250,11,12,126,65,137,99
32031002613,140,32,031,39900,456,,,Census Tract 26.13,5173,1845,2503,861,5173,2503,4329,2315,117,28,50,28,117,27,17,3,304,22,239,77
32031002618,140,32,031,39900,456,,,Census Tract 26.18,5609,2136,3851,1507,5609,3851,4968,3384,30,67,81,84,79,44,27,12,248,114,176,144
32031003305,140,32,031,39900,456,,,Census Tract 33.05,1247,765,1306,711,1247,1306,1016,1137,2,5,11,10,32,24,1,2,146,92,39,33
32031003501,140,32,031,39900,456,,,Census Tract 35.01,4205,1928,3604,1546,4205,3604,3394,2884,31,13,558,507,40,14,5,0,71,84,106,97
32031003512,140,32,031,39900,456,,,Census Tract 35.12,4358,1676,1366,469,4358,1366,3591,1278,74,10,41,10,256,31,21,0,167,8,208,24
32031940200,140,32,031,39900,456,,,Census Tract 9402,1650,692,1714,668,1650,1714,339,395,6,1,1251,1221,4,3,5,3,23,40,22,51
32031980000,140,32,031,39900,456,,,Census Tract 9800,217,5,202,4,217,202,169,94,13,2,7,50,3,8,1,1,23,38,1,7
32033970100,140,32,033,99999,999,,,Census Tract 9701,1882,1065,2772,1103,1882,2772,1727,2246,8,309,48,66,5,14,0,4,44,93,50,40
32510000300,140,32,510,16180,999,,,Census Tract 3,3806,1712,3626,1578,3806,3626,3308,3153,10,9,238,260,124,53,11,5,25,57,90,89
32510000400,140,32,510,16180,999,,,Census Tract 4,3811,1742,3670,1552,3811,3670,3255,3284,30,21,46,45,68,89,5,3,283,165,124,63
32510000701,140,32,510,16180,999,,,Census Tract 7.01,3901,1618,3933,1575,3901,3933,3379,3551,34,16,53,50,83,117,9,8,221,107,122,80
32510000800,140,32,510,16180,999,,,Census Tract 8,4781,1206,4286,1104,4781,4286,3835,3572,380,301,231,235,67,33,12,4,151,78,105,63
32510001002,140,32,510,16180,999,,,Census Tract 10.02,3757,1541,3573,1392,3757,3573,3228,2746,29,19,46,52,51,59,8,5,292,608,103,82
